-- phpMyAdmin SQL Dump
-- version 5.0.2
-- https://www.phpmyadmin.net/
--
-- Servidor: localhost:3306
-- Tiempo de generación: 22-09-2020 a las 17:55:17
-- Versión del servidor: 10.4.14-MariaDB
-- Versión de PHP: 7.4.9

SET SQL_MODE = "NO_AUTO_VALUE_ON_ZERO";
START TRANSACTION;
SET time_zone = "+00:00";


/*!40101 SET @OLD_CHARACTER_SET_CLIENT=@@CHARACTER_SET_CLIENT */;
/*!40101 SET @OLD_CHARACTER_SET_RESULTS=@@CHARACTER_SET_RESULTS */;
/*!40101 SET @OLD_COLLATION_CONNECTION=@@COLLATION_CONNECTION */;
/*!40101 SET NAMES utf8mb4 */;

--
-- Base de datos: `repuestos_db`
--

-- --------------------------------------------------------

--
-- Estructura de tabla para la tabla `compra`
--

CREATE TABLE `compra` (
  `id` int(11) NOT NULL,
  `fecha_alta` date NOT NULL,
  `fecha_baja` date DEFAULT NULL,
  `monto` double NOT NULL,
  `id_pago_ml` varchar(255) COLLATE utf8mb4_unicode_ci NOT NULL,
  `estado_pago_ml` varchar(255) COLLATE utf8mb4_unicode_ci NOT NULL,
  `referencia_externa` varchar(255) COLLATE utf8mb4_unicode_ci DEFAULT NULL,
  `preferencia_id_ml` varchar(255) COLLATE utf8mb4_unicode_ci NOT NULL,
  `estado_ml` varchar(255) COLLATE utf8mb4_unicode_ci NOT NULL,
  `estado_detalle_ml` varchar(255) COLLATE utf8mb4_unicode_ci NOT NULL,
  `tipo_pago_ml` varchar(255) COLLATE utf8mb4_unicode_ci DEFAULT NULL
) ENGINE=InnoDB DEFAULT CHARSET=utf8mb4 COLLATE=utf8mb4_unicode_ci;

-- --------------------------------------------------------

--
-- Estructura de tabla para la tabla `constancia_persona`
--

CREATE TABLE `constancia_persona` (
  `id` int(11) NOT NULL,
  `tipo_id` int(11) NOT NULL,
  `persona_id` int(11) NOT NULL,
  `nombre_logico` varchar(255) COLLATE utf8mb4_unicode_ci NOT NULL,
  `nombre_fisico` varchar(255) COLLATE utf8mb4_unicode_ci NOT NULL,
  `pesgo_mega` double NOT NULL,
  `fecha_alta` date NOT NULL,
  `fecha_baja` date DEFAULT NULL
) ENGINE=InnoDB DEFAULT CHARSET=utf8mb4 COLLATE=utf8mb4_unicode_ci;

-- --------------------------------------------------------

--
-- Estructura de tabla para la tabla `cotizacion`
--

CREATE TABLE `cotizacion` (
  `id` int(11) NOT NULL,
  `estado_id` int(11) NOT NULL,
  `solicitud_id` int(11) NOT NULL,
  `oferente_id` int(11) NOT NULL,
  `fecha_alta` date NOT NULL,
  `fecha_baja` date DEFAULT NULL,
  `monto` double NOT NULL,
  `fecha_limite_validez` date NOT NULL,
  `observacion` longtext COLLATE utf8mb4_unicode_ci DEFAULT NULL,
  `preferencia` varchar(255) COLLATE utf8mb4_unicode_ci NOT NULL,
  `comision` varchar(255) COLLATE utf8mb4_unicode_ci NOT NULL
) ENGINE=InnoDB DEFAULT CHARSET=utf8mb4 COLLATE=utf8mb4_unicode_ci;

-- --------------------------------------------------------

--
-- Estructura de tabla para la tabla `credencial_ml`
--

CREATE TABLE `credencial_ml` (
  `id` int(11) NOT NULL,
  `usuario_id` int(11) NOT NULL,
  `token_acceso` varchar(255) COLLATE utf8mb4_unicode_ci NOT NULL,
  `token_actualizar` varchar(255) COLLATE utf8mb4_unicode_ci NOT NULL,
  `fecha_alta` date NOT NULL,
  `fecha_baja` date DEFAULT NULL,
  `fecha_ultima_actualizacion` date DEFAULT NULL
) ENGINE=InnoDB DEFAULT CHARSET=utf8mb4 COLLATE=utf8mb4_unicode_ci;

-- --------------------------------------------------------

--
-- Estructura de tabla para la tabla `domicilio`
--

CREATE TABLE `domicilio` (
  `id` int(11) NOT NULL,
  `localidad_id` int(11) DEFAULT NULL,
  `calle` varchar(255) COLLATE utf8mb4_unicode_ci NOT NULL,
  `numero` varchar(255) COLLATE utf8mb4_unicode_ci NOT NULL
) ENGINE=InnoDB DEFAULT CHARSET=utf8mb4 COLLATE=utf8mb4_unicode_ci;

-- --------------------------------------------------------

--
-- Estructura de tabla para la tabla `estado_cotizacion`
--

CREATE TABLE `estado_cotizacion` (
  `id` int(11) NOT NULL,
  `descripcion` varchar(255) COLLATE utf8mb4_unicode_ci NOT NULL,
  `fecha_alta` date NOT NULL,
  `fecha_baja` date DEFAULT NULL
) ENGINE=InnoDB DEFAULT CHARSET=utf8mb4 COLLATE=utf8mb4_unicode_ci;

-- --------------------------------------------------------

--
-- Estructura de tabla para la tabla `estado_solicitud`
--

CREATE TABLE `estado_solicitud` (
  `id` int(11) NOT NULL,
  `descripcion` varchar(255) COLLATE utf8mb4_unicode_ci NOT NULL,
  `fecha_alta` date NOT NULL,
  `fecha_baja` date DEFAULT NULL
) ENGINE=InnoDB DEFAULT CHARSET=utf8mb4 COLLATE=utf8mb4_unicode_ci;

-- --------------------------------------------------------

--
-- Estructura de tabla para la tabla `localidad`
--

CREATE TABLE `localidad` (
  `id` int(11) NOT NULL,
  `provincia_id` int(11) NOT NULL,
  `name` varchar(255) COLLATE utf8mb4_unicode_ci NOT NULL
) ENGINE=InnoDB DEFAULT CHARSET=utf8mb4 COLLATE=utf8mb4_unicode_ci;

--
-- Volcado de datos para la tabla `localidad`
--

INSERT INTO `localidad` (`id`, `provincia_id`, `name`) VALUES
(1, 1, '25 de Mayo'),
(2, 1, '3 de febrero'),
(3, 1, 'A. Alsina'),
(4, 1, 'A. Gonzáles Cháves'),
(5, 1, 'Aguas Verdes'),
(6, 1, 'Alberti'),
(7, 1, 'Arrecifes'),
(8, 1, 'Ayacucho'),
(9, 1, 'Azul'),
(10, 1, 'Bahía Blanca'),
(11, 1, 'Balcarce'),
(12, 1, 'Baradero'),
(13, 1, 'Benito Juárez'),
(14, 1, 'Berisso'),
(15, 1, 'Bolívar'),
(16, 1, 'Bragado'),
(17, 1, 'Brandsen'),
(18, 1, 'Campana'),
(19, 1, 'Cañuelas'),
(20, 1, 'Capilla del Señor'),
(21, 1, 'Capitán Sarmiento'),
(22, 1, 'Carapachay'),
(23, 1, 'Carhue'),
(24, 1, 'Cariló'),
(25, 1, 'Carlos Casares'),
(26, 1, 'Carlos Tejedor'),
(27, 1, 'Carmen de Areco'),
(28, 1, 'Carmen de Patagones'),
(29, 1, 'Castelli'),
(30, 1, 'Chacabuco'),
(31, 1, 'Chascomús'),
(32, 1, 'Chivilcoy'),
(33, 1, 'Colón'),
(34, 1, 'Coronel Dorrego'),
(35, 1, 'Coronel Pringles'),
(36, 1, 'Coronel Rosales'),
(37, 1, 'Coronel Suarez'),
(38, 1, 'Costa Azul'),
(39, 1, 'Costa Chica'),
(40, 1, 'Costa del Este'),
(41, 1, 'Costa Esmeralda'),
(42, 1, 'Daireaux'),
(43, 1, 'Darregueira'),
(44, 1, 'Del Viso'),
(45, 1, 'Dolores'),
(46, 1, 'Don Torcuato'),
(47, 1, 'Ensenada'),
(48, 1, 'Escobar'),
(49, 1, 'Exaltación de la Cruz'),
(50, 1, 'Florentino Ameghino'),
(51, 1, 'Garín'),
(52, 1, 'Gral. Alvarado'),
(53, 1, 'Gral. Alvear'),
(54, 1, 'Gral. Arenales'),
(55, 1, 'Gral. Belgrano'),
(56, 1, 'Gral. Guido'),
(57, 1, 'Gral. Lamadrid'),
(58, 1, 'Gral. Las Heras'),
(59, 1, 'Gral. Lavalle'),
(60, 1, 'Gral. Madariaga'),
(61, 1, 'Gral. Pacheco'),
(62, 1, 'Gral. Paz'),
(63, 1, 'Gral. Pinto'),
(64, 1, 'Gral. Pueyrredón'),
(65, 1, 'Gral. Rodríguez'),
(66, 1, 'Gral. Viamonte'),
(67, 1, 'Gral. Villegas'),
(68, 1, 'Guaminí'),
(69, 1, 'Guernica'),
(70, 1, 'Hipólito Yrigoyen'),
(71, 1, 'Ing. Maschwitz'),
(72, 1, 'Junín'),
(73, 1, 'La Plata'),
(74, 1, 'Laprida'),
(75, 1, 'Las Flores'),
(76, 1, 'Las Toninas'),
(77, 1, 'Leandro N. Alem'),
(78, 1, 'Lincoln'),
(79, 1, 'Loberia'),
(80, 1, 'Lobos'),
(81, 1, 'Los Cardales'),
(82, 1, 'Los Toldos'),
(83, 1, 'Lucila del Mar'),
(84, 1, 'Luján'),
(85, 1, 'Magdalena'),
(86, 1, 'Maipú'),
(87, 1, 'Mar Chiquita'),
(88, 1, 'Mar de Ajó'),
(89, 1, 'Mar de las Pampas'),
(90, 1, 'Mar del Plata'),
(91, 1, 'Mar del Tuyú'),
(92, 1, 'Marcos Paz'),
(93, 1, 'Mercedes'),
(94, 1, 'Miramar'),
(95, 1, 'Monte'),
(96, 1, 'Monte Hermoso'),
(97, 1, 'Munro'),
(98, 1, 'Navarro'),
(99, 1, 'Necochea'),
(100, 1, 'Olavarría'),
(101, 1, 'Partido de la Costa'),
(102, 1, 'Pehuajó'),
(103, 1, 'Pellegrini'),
(104, 1, 'Pergamino'),
(105, 1, 'Pigüé'),
(106, 1, 'Pila'),
(107, 1, 'Pilar'),
(108, 1, 'Pinamar'),
(109, 1, 'Pinar del Sol'),
(110, 1, 'Polvorines'),
(111, 1, 'Pte. Perón'),
(112, 1, 'Puán'),
(113, 1, 'Punta Indio'),
(114, 1, 'Ramallo'),
(115, 1, 'Rauch'),
(116, 1, 'Rivadavia'),
(117, 1, 'Rojas'),
(118, 1, 'Roque Pérez'),
(119, 1, 'Saavedra'),
(120, 1, 'Saladillo'),
(121, 1, 'Salliqueló'),
(122, 1, 'Salto'),
(123, 1, 'San Andrés de Giles'),
(124, 1, 'San Antonio de Areco'),
(125, 1, 'San Antonio de Padua'),
(126, 1, 'San Bernardo'),
(127, 1, 'San Cayetano'),
(128, 1, 'San Clemente del Tuyú'),
(129, 1, 'San Nicolás'),
(130, 1, 'San Pedro'),
(131, 1, 'San Vicente'),
(132, 1, 'Santa Teresita'),
(133, 1, 'Suipacha'),
(134, 1, 'Tandil'),
(135, 1, 'Tapalqué'),
(136, 1, 'Tordillo'),
(137, 1, 'Tornquist'),
(138, 1, 'Trenque Lauquen'),
(139, 1, 'Tres Lomas'),
(140, 1, 'Villa Gesell'),
(141, 1, 'Villarino'),
(142, 1, 'Zárate'),
(143, 2, '11 de Septiembre'),
(144, 2, '20 de Junio'),
(145, 2, '25 de Mayo'),
(146, 2, 'Acassuso'),
(147, 2, 'Adrogué'),
(148, 2, 'Aldo Bonzi'),
(149, 2, 'Área Reserva Cinturón Ecológico'),
(150, 2, 'Avellaneda'),
(151, 2, 'Banfield'),
(152, 2, 'Barrio Parque'),
(153, 2, 'Barrio Santa Teresita'),
(154, 2, 'Beccar'),
(155, 2, 'Bella Vista'),
(156, 2, 'Berazategui'),
(157, 2, 'Bernal Este'),
(158, 2, 'Bernal Oeste'),
(159, 2, 'Billinghurst'),
(160, 2, 'Boulogne'),
(161, 2, 'Burzaco'),
(162, 2, 'Carapachay'),
(163, 2, 'Caseros'),
(164, 2, 'Castelar'),
(165, 2, 'Churruca'),
(166, 2, 'Ciudad Evita'),
(167, 2, 'Ciudad Madero'),
(168, 2, 'Ciudadela'),
(169, 2, 'Claypole'),
(170, 2, 'Crucecita'),
(171, 2, 'Dock Sud'),
(172, 2, 'Don Bosco'),
(173, 2, 'Don Orione'),
(174, 2, 'El Jagüel'),
(175, 2, 'El Libertador'),
(176, 2, 'El Palomar'),
(177, 2, 'El Tala'),
(178, 2, 'El Trébol'),
(179, 2, 'Ezeiza'),
(180, 2, 'Ezpeleta'),
(181, 2, 'Florencio Varela'),
(182, 2, 'Florida'),
(183, 2, 'Francisco Álvarez'),
(184, 2, 'Gerli'),
(185, 2, 'Glew'),
(186, 2, 'González Catán'),
(187, 2, 'Gral. Lamadrid'),
(188, 2, 'Grand Bourg'),
(189, 2, 'Gregorio de Laferrere'),
(190, 2, 'Guillermo Enrique Hudson'),
(191, 2, 'Haedo'),
(192, 2, 'Hurlingham'),
(193, 2, 'Ing. Sourdeaux'),
(194, 2, 'Isidro Casanova'),
(195, 2, 'Ituzaingó'),
(196, 2, 'José C. Paz'),
(197, 2, 'José Ingenieros'),
(198, 2, 'José Marmol'),
(199, 2, 'La Lucila'),
(200, 2, 'La Reja'),
(201, 2, 'La Tablada'),
(202, 2, 'Lanús'),
(203, 2, 'Llavallol'),
(204, 2, 'Loma Hermosa'),
(205, 2, 'Lomas de Zamora'),
(206, 2, 'Lomas del Millón'),
(207, 2, 'Lomas del Mirador'),
(208, 2, 'Longchamps'),
(209, 2, 'Los Polvorines'),
(210, 2, 'Luis Guillón'),
(211, 2, 'Malvinas Argentinas'),
(212, 2, 'Martín Coronado'),
(213, 2, 'Martínez'),
(214, 2, 'Merlo'),
(215, 2, 'Ministro Rivadavia'),
(216, 2, 'Monte Chingolo'),
(217, 2, 'Monte Grande'),
(218, 2, 'Moreno'),
(219, 2, 'Morón'),
(220, 2, 'Muñiz'),
(221, 2, 'Olivos'),
(222, 2, 'Pablo Nogués'),
(223, 2, 'Pablo Podestá'),
(224, 2, 'Paso del Rey'),
(225, 2, 'Pereyra'),
(226, 2, 'Piñeiro'),
(227, 2, 'Plátanos'),
(228, 2, 'Pontevedra'),
(229, 2, 'Quilmes'),
(230, 2, 'Rafael Calzada'),
(231, 2, 'Rafael Castillo'),
(232, 2, 'Ramos Mejía'),
(233, 2, 'Ranelagh'),
(234, 2, 'Remedios de Escalada'),
(235, 2, 'Sáenz Peña'),
(236, 2, 'San Antonio de Padua'),
(237, 2, 'San Fernando'),
(238, 2, 'San Francisco Solano'),
(239, 2, 'San Isidro'),
(240, 2, 'San José'),
(241, 2, 'San Justo'),
(242, 2, 'San Martín'),
(243, 2, 'San Miguel'),
(244, 2, 'Santos Lugares'),
(245, 2, 'Sarandí'),
(246, 2, 'Sourigues'),
(247, 2, 'Tapiales'),
(248, 2, 'Temperley'),
(249, 2, 'Tigre'),
(250, 2, 'Tortuguitas'),
(251, 2, 'Tristán Suárez'),
(252, 2, 'Trujui'),
(253, 2, 'Turdera'),
(254, 2, 'Valentín Alsina'),
(255, 2, 'Vicente López'),
(256, 2, 'Villa Adelina'),
(257, 2, 'Villa Ballester'),
(258, 2, 'Villa Bosch'),
(259, 2, 'Villa Caraza'),
(260, 2, 'Villa Celina'),
(261, 2, 'Villa Centenario'),
(262, 2, 'Villa de Mayo'),
(263, 2, 'Villa Diamante'),
(264, 2, 'Villa Domínico'),
(265, 2, 'Villa España'),
(266, 2, 'Villa Fiorito'),
(267, 2, 'Villa Guillermina'),
(268, 2, 'Villa Insuperable'),
(269, 2, 'Villa José León Suárez'),
(270, 2, 'Villa La Florida'),
(271, 2, 'Villa Luzuriaga'),
(272, 2, 'Villa Martelli'),
(273, 2, 'Villa Obrera'),
(274, 2, 'Villa Progreso'),
(275, 2, 'Villa Raffo'),
(276, 2, 'Villa Sarmiento'),
(277, 2, 'Villa Tesei'),
(278, 2, 'Villa Udaondo'),
(279, 2, 'Virrey del Pino'),
(280, 2, 'Wilde'),
(281, 2, 'William Morris'),
(282, 3, 'Agronomía'),
(283, 3, 'Almagro'),
(284, 3, 'Balvanera'),
(285, 3, 'Barracas'),
(286, 3, 'Belgrano'),
(287, 3, 'Boca'),
(288, 3, 'Boedo'),
(289, 3, 'Caballito'),
(290, 3, 'Chacarita'),
(291, 3, 'Coghlan'),
(292, 3, 'Colegiales'),
(293, 3, 'Constitución'),
(294, 3, 'Flores'),
(295, 3, 'Floresta'),
(296, 3, 'La Paternal'),
(297, 3, 'Liniers'),
(298, 3, 'Mataderos'),
(299, 3, 'Monserrat'),
(300, 3, 'Monte Castro'),
(301, 3, 'Nueva Pompeya'),
(302, 3, 'Núñez'),
(303, 3, 'Palermo'),
(304, 3, 'Parque Avellaneda'),
(305, 3, 'Parque Chacabuco'),
(306, 3, 'Parque Chas'),
(307, 3, 'Parque Patricios'),
(308, 3, 'Puerto Madero'),
(309, 3, 'Recoleta'),
(310, 3, 'Retiro'),
(311, 3, 'Saavedra'),
(312, 3, 'San Cristóbal'),
(313, 3, 'San Nicolás'),
(314, 3, 'San Telmo'),
(315, 3, 'Vélez Sársfield'),
(316, 3, 'Versalles'),
(317, 3, 'Villa Crespo'),
(318, 3, 'Villa del Parque'),
(319, 3, 'Villa Devoto'),
(320, 3, 'Villa Gral. Mitre'),
(321, 3, 'Villa Lugano'),
(322, 3, 'Villa Luro'),
(323, 3, 'Villa Ortúzar'),
(324, 3, 'Villa Pueyrredón'),
(325, 3, 'Villa Real'),
(326, 3, 'Villa Riachuelo'),
(327, 3, 'Villa Santa Rita'),
(328, 3, 'Villa Soldati'),
(329, 3, 'Villa Urquiza'),
(330, 4, 'Aconquija'),
(331, 4, 'Ancasti'),
(332, 4, 'Andalgalá'),
(333, 4, 'Antofagasta'),
(334, 4, 'Belén'),
(335, 4, 'Capayán'),
(336, 4, 'Capital'),
(337, 4, '4'),
(338, 4, 'Corral Quemado'),
(339, 4, 'El Alto'),
(340, 4, 'El Rodeo'),
(341, 4, 'F.Mamerto Esquiú'),
(342, 4, 'Fiambalá'),
(343, 4, 'Hualfín'),
(344, 4, 'Huillapima'),
(345, 4, 'Icaño'),
(346, 4, 'La Puerta'),
(347, 4, 'Las Juntas'),
(348, 4, 'Londres'),
(349, 4, 'Los Altos'),
(350, 4, 'Los Varela'),
(351, 4, 'Mutquín'),
(352, 4, 'Paclín'),
(353, 4, 'Poman'),
(354, 4, 'Pozo de La Piedra'),
(355, 4, 'Puerta de Corral'),
(356, 4, 'Puerta San José'),
(357, 4, 'Recreo'),
(358, 4, 'S.F.V de 4'),
(359, 4, 'San Fernando'),
(360, 4, 'San Fernando del Valle'),
(361, 4, 'San José'),
(362, 4, 'Santa María'),
(363, 4, 'Santa Rosa'),
(364, 4, 'Saujil'),
(365, 4, 'Tapso'),
(366, 4, 'Tinogasta'),
(367, 4, 'Valle Viejo'),
(368, 4, 'Villa Vil'),
(369, 5, 'Aviá Teraí'),
(370, 5, 'Barranqueras'),
(371, 5, 'Basail'),
(372, 5, 'Campo Largo'),
(373, 5, 'Capital'),
(374, 5, 'Capitán Solari'),
(375, 5, 'Charadai'),
(376, 5, 'Charata'),
(377, 5, 'Chorotis'),
(378, 5, 'Ciervo Petiso'),
(379, 5, 'Cnel. Du Graty'),
(380, 5, 'Col. Benítez'),
(381, 5, 'Col. Elisa'),
(382, 5, 'Col. Popular'),
(383, 5, 'Colonias Unidas'),
(384, 5, 'Concepción'),
(385, 5, 'Corzuela'),
(386, 5, 'Cote Lai'),
(387, 5, 'El Sauzalito'),
(388, 5, 'Enrique Urien'),
(389, 5, 'Fontana'),
(390, 5, 'Fte. Esperanza'),
(391, 5, 'Gancedo'),
(392, 5, 'Gral. Capdevila'),
(393, 5, 'Gral. Pinero'),
(394, 5, 'Gral. San Martín'),
(395, 5, 'Gral. Vedia'),
(396, 5, 'Hermoso Campo'),
(397, 5, 'I. del Cerrito'),
(398, 5, 'J.J. Castelli'),
(399, 5, 'La Clotilde'),
(400, 5, 'La Eduvigis'),
(401, 5, 'La Escondida'),
(402, 5, 'La Leonesa'),
(403, 5, 'La Tigra'),
(404, 5, 'La Verde'),
(405, 5, 'Laguna Blanca'),
(406, 5, 'Laguna Limpia'),
(407, 5, 'Lapachito'),
(408, 5, 'Las Breñas'),
(409, 5, 'Las Garcitas'),
(410, 5, 'Las Palmas'),
(411, 5, 'Los Frentones'),
(412, 5, 'Machagai'),
(413, 5, 'Makallé'),
(414, 5, 'Margarita Belén'),
(415, 5, 'Miraflores'),
(416, 5, 'Misión N. Pompeya'),
(417, 5, 'Napenay'),
(418, 5, 'Pampa Almirón'),
(419, 5, 'Pampa del Indio'),
(420, 5, 'Pampa del Infierno'),
(421, 5, 'Pdcia. de La Plaza'),
(422, 5, 'Pdcia. Roca'),
(423, 5, 'Pdcia. Roque Sáenz Peña'),
(424, 5, 'Pto. Bermejo'),
(425, 5, 'Pto. Eva Perón'),
(426, 5, 'Puero Tirol'),
(427, 5, 'Puerto Vilelas'),
(428, 5, 'Quitilipi'),
(429, 5, 'Resistencia'),
(430, 5, 'Sáenz Peña'),
(431, 5, 'Samuhú'),
(432, 5, 'San Bernardo'),
(433, 5, 'Santa Sylvina'),
(434, 5, 'Taco Pozo'),
(435, 5, 'Tres Isletas'),
(436, 5, 'Villa Ángela'),
(437, 5, 'Villa Berthet'),
(438, 5, 'Villa R. Bermejito'),
(439, 6, 'Aldea Apeleg'),
(440, 6, 'Aldea Beleiro'),
(441, 6, 'Aldea Epulef'),
(442, 6, 'Alto Río Sengerr'),
(443, 6, 'Buen Pasto'),
(444, 6, 'Camarones'),
(445, 6, 'Carrenleufú'),
(446, 6, 'Cholila'),
(447, 6, 'Co. Centinela'),
(448, 6, 'Colan Conhué'),
(449, 6, 'Comodoro Rivadavia'),
(450, 6, 'Corcovado'),
(451, 6, 'Cushamen'),
(452, 6, 'Dique F. Ameghino'),
(453, 6, 'Dolavón'),
(454, 6, 'Dr. R. Rojas'),
(455, 6, 'El Hoyo'),
(456, 6, 'El Maitén'),
(457, 6, 'Epuyén'),
(458, 6, 'Esquel'),
(459, 6, 'Facundo'),
(460, 6, 'Gaimán'),
(461, 6, 'Gan Gan'),
(462, 6, 'Gastre'),
(463, 6, 'Gdor. Costa'),
(464, 6, 'Gualjaina'),
(465, 6, 'J. de San Martín'),
(466, 6, 'Lago Blanco'),
(467, 6, 'Lago Puelo'),
(468, 6, 'Lagunita Salada'),
(469, 6, 'Las Plumas'),
(470, 6, 'Los Altares'),
(471, 6, 'Paso de los Indios'),
(472, 6, 'Paso del Sapo'),
(473, 6, 'Pto. Madryn'),
(474, 6, 'Pto. Pirámides'),
(475, 6, 'Rada Tilly'),
(476, 6, 'Rawson'),
(477, 6, 'Río Mayo'),
(478, 6, 'Río Pico'),
(479, 6, 'Sarmiento'),
(480, 6, 'Tecka'),
(481, 6, 'Telsen'),
(482, 6, 'Trelew'),
(483, 6, 'Trevelin'),
(484, 6, 'Veintiocho de Julio'),
(485, 7, 'Achiras'),
(486, 7, 'Adelia Maria'),
(487, 7, 'Agua de Oro'),
(488, 7, 'Alcira Gigena'),
(489, 7, 'Aldea Santa Maria'),
(490, 7, 'Alejandro Roca'),
(491, 7, 'Alejo Ledesma'),
(492, 7, 'Alicia'),
(493, 7, 'Almafuerte'),
(494, 7, 'Alpa Corral'),
(495, 7, 'Alta Gracia'),
(496, 7, 'Alto Alegre'),
(497, 7, 'Alto de Los Quebrachos'),
(498, 7, 'Altos de Chipion'),
(499, 7, 'Amboy'),
(500, 7, 'Ambul'),
(501, 7, 'Ana Zumaran'),
(502, 7, 'Anisacate'),
(503, 7, 'Arguello'),
(504, 7, 'Arias'),
(505, 7, 'Arroyito'),
(506, 7, 'Arroyo Algodon'),
(507, 7, 'Arroyo Cabral'),
(508, 7, 'Arroyo Los Patos'),
(509, 7, 'Assunta'),
(510, 7, 'Atahona'),
(511, 7, 'Ausonia'),
(512, 7, 'Avellaneda'),
(513, 7, 'Ballesteros'),
(514, 7, 'Ballesteros Sud'),
(515, 7, 'Balnearia'),
(516, 7, 'Bañado de Soto'),
(517, 7, 'Bell Ville'),
(518, 7, 'Bengolea'),
(519, 7, 'Benjamin Gould'),
(520, 7, 'Berrotaran'),
(521, 7, 'Bialet Masse'),
(522, 7, 'Bouwer'),
(523, 7, 'Brinkmann'),
(524, 7, 'Buchardo'),
(525, 7, 'Bulnes'),
(526, 7, 'Cabalango'),
(527, 7, 'Calamuchita'),
(528, 7, 'Calchin'),
(529, 7, 'Calchin Oeste'),
(530, 7, 'Calmayo'),
(531, 7, 'Camilo Aldao'),
(532, 7, 'Caminiaga'),
(533, 7, 'Cañada de Luque'),
(534, 7, 'Cañada de Machado'),
(535, 7, 'Cañada de Rio Pinto'),
(536, 7, 'Cañada del Sauce'),
(537, 7, 'Canals'),
(538, 7, 'Candelaria Sud'),
(539, 7, 'Capilla de Remedios'),
(540, 7, 'Capilla de Siton'),
(541, 7, 'Capilla del Carmen'),
(542, 7, 'Capilla del Monte'),
(543, 7, 'Capital'),
(544, 7, 'Capitan Gral B. O´Higgins'),
(545, 7, 'Carnerillo'),
(546, 7, 'Carrilobo'),
(547, 7, 'Casa Grande'),
(548, 7, 'Cavanagh'),
(549, 7, 'Cerro Colorado'),
(550, 7, 'Chaján'),
(551, 7, 'Chalacea'),
(552, 7, 'Chañar Viejo'),
(553, 7, 'Chancaní'),
(554, 7, 'Charbonier'),
(555, 7, 'Charras'),
(556, 7, 'Chazón'),
(557, 7, 'Chilibroste'),
(558, 7, 'Chucul'),
(559, 7, 'Chuña'),
(560, 7, 'Chuña Huasi'),
(561, 7, 'Churqui Cañada'),
(562, 7, 'Cienaga Del Coro'),
(563, 7, 'Cintra'),
(564, 7, 'Col. Almada'),
(565, 7, 'Col. Anita'),
(566, 7, 'Col. Barge'),
(567, 7, 'Col. Bismark'),
(568, 7, 'Col. Bremen'),
(569, 7, 'Col. Caroya'),
(570, 7, 'Col. Italiana'),
(571, 7, 'Col. Iturraspe'),
(572, 7, 'Col. Las Cuatro Esquinas'),
(573, 7, 'Col. Las Pichanas'),
(574, 7, 'Col. Marina'),
(575, 7, 'Col. Prosperidad'),
(576, 7, 'Col. San Bartolome'),
(577, 7, 'Col. San Pedro'),
(578, 7, 'Col. Tirolesa'),
(579, 7, 'Col. Vicente Aguero'),
(580, 7, 'Col. Videla'),
(581, 7, 'Col. Vignaud'),
(582, 7, 'Col. Waltelina'),
(583, 7, 'Colazo'),
(584, 7, 'Comechingones'),
(585, 7, 'Conlara'),
(586, 7, 'Copacabana'),
(587, 7, '7'),
(588, 7, 'Coronel Baigorria'),
(589, 7, 'Coronel Moldes'),
(590, 7, 'Corral de Bustos'),
(591, 7, 'Corralito'),
(592, 7, 'Cosquín'),
(593, 7, 'Costa Sacate'),
(594, 7, 'Cruz Alta'),
(595, 7, 'Cruz de Caña'),
(596, 7, 'Cruz del Eje'),
(597, 7, 'Cuesta Blanca'),
(598, 7, 'Dean Funes'),
(599, 7, 'Del Campillo'),
(600, 7, 'Despeñaderos'),
(601, 7, 'Devoto'),
(602, 7, 'Diego de Rojas'),
(603, 7, 'Dique Chico'),
(604, 7, 'El Arañado'),
(605, 7, 'El Brete'),
(606, 7, 'El Chacho'),
(607, 7, 'El Crispín'),
(608, 7, 'El Fortín'),
(609, 7, 'El Manzano'),
(610, 7, 'El Rastreador'),
(611, 7, 'El Rodeo'),
(612, 7, 'El Tío'),
(613, 7, 'Elena'),
(614, 7, 'Embalse'),
(615, 7, 'Esquina'),
(616, 7, 'Estación Gral. Paz'),
(617, 7, 'Estación Juárez Celman'),
(618, 7, 'Estancia de Guadalupe'),
(619, 7, 'Estancia Vieja'),
(620, 7, 'Etruria'),
(621, 7, 'Eufrasio Loza'),
(622, 7, 'Falda del Carmen'),
(623, 7, 'Freyre'),
(624, 7, 'Gral. Baldissera'),
(625, 7, 'Gral. Cabrera'),
(626, 7, 'Gral. Deheza'),
(627, 7, 'Gral. Fotheringham'),
(628, 7, 'Gral. Levalle'),
(629, 7, 'Gral. Roca'),
(630, 7, 'Guanaco Muerto'),
(631, 7, 'Guasapampa'),
(632, 7, 'Guatimozin'),
(633, 7, 'Gutenberg'),
(634, 7, 'Hernando'),
(635, 7, 'Huanchillas'),
(636, 7, 'Huerta Grande'),
(637, 7, 'Huinca Renanco'),
(638, 7, 'Idiazabal'),
(639, 7, 'Impira'),
(640, 7, 'Inriville'),
(641, 7, 'Isla Verde'),
(642, 7, 'Italó'),
(643, 7, 'James Craik'),
(644, 7, 'Jesús María'),
(645, 7, 'Jovita'),
(646, 7, 'Justiniano Posse'),
(647, 7, 'Km 658'),
(648, 7, 'L. V. Mansilla'),
(649, 7, 'La Batea'),
(650, 7, 'La Calera'),
(651, 7, 'La Carlota'),
(652, 7, 'La Carolina'),
(653, 7, 'La Cautiva'),
(654, 7, 'La Cesira'),
(655, 7, 'La Cruz'),
(656, 7, 'La Cumbre'),
(657, 7, 'La Cumbrecita'),
(658, 7, 'La Falda'),
(659, 7, 'La Francia'),
(660, 7, 'La Granja'),
(661, 7, 'La Higuera'),
(662, 7, 'La Laguna'),
(663, 7, 'La Paisanita'),
(664, 7, 'La Palestina'),
(665, 7, '12'),
(666, 7, 'La Paquita'),
(667, 7, 'La Para'),
(668, 7, 'La Paz'),
(669, 7, 'La Playa'),
(670, 7, 'La Playosa'),
(671, 7, 'La Población'),
(672, 7, 'La Posta'),
(673, 7, 'La Puerta'),
(674, 7, 'La Quinta'),
(675, 7, 'La Rancherita'),
(676, 7, 'La Rinconada'),
(677, 7, 'La Serranita'),
(678, 7, 'La Tordilla'),
(679, 7, 'Laborde'),
(680, 7, 'Laboulaye'),
(681, 7, 'Laguna Larga'),
(682, 7, 'Las Acequias'),
(683, 7, 'Las Albahacas'),
(684, 7, 'Las Arrias'),
(685, 7, 'Las Bajadas'),
(686, 7, 'Las Caleras'),
(687, 7, 'Las Calles'),
(688, 7, 'Las Cañadas'),
(689, 7, 'Las Gramillas'),
(690, 7, 'Las Higueras'),
(691, 7, 'Las Isletillas'),
(692, 7, 'Las Junturas'),
(693, 7, 'Las Palmas'),
(694, 7, 'Las Peñas'),
(695, 7, 'Las Peñas Sud'),
(696, 7, 'Las Perdices'),
(697, 7, 'Las Playas'),
(698, 7, 'Las Rabonas'),
(699, 7, 'Las Saladas'),
(700, 7, 'Las Tapias'),
(701, 7, 'Las Varas'),
(702, 7, 'Las Varillas'),
(703, 7, 'Las Vertientes'),
(704, 7, 'Leguizamón'),
(705, 7, 'Leones'),
(706, 7, 'Los Cedros'),
(707, 7, 'Los Cerrillos'),
(708, 7, 'Los Chañaritos (C.E)'),
(709, 7, 'Los Chanaritos (R.S)'),
(710, 7, 'Los Cisnes'),
(711, 7, 'Los Cocos'),
(712, 7, 'Los Cóndores'),
(713, 7, 'Los Hornillos'),
(714, 7, 'Los Hoyos'),
(715, 7, 'Los Mistoles'),
(716, 7, 'Los Molinos'),
(717, 7, 'Los Pozos'),
(718, 7, 'Los Reartes'),
(719, 7, 'Los Surgentes'),
(720, 7, 'Los Talares'),
(721, 7, 'Los Zorros'),
(722, 7, 'Lozada'),
(723, 7, 'Luca'),
(724, 7, 'Luque'),
(725, 7, 'Luyaba'),
(726, 7, 'Malagueño'),
(727, 7, 'Malena'),
(728, 7, 'Malvinas Argentinas'),
(729, 7, 'Manfredi'),
(730, 7, 'Maquinista Gallini'),
(731, 7, 'Marcos Juárez'),
(732, 7, 'Marull'),
(733, 7, 'Matorrales'),
(734, 7, 'Mattaldi'),
(735, 7, 'Mayu Sumaj'),
(736, 7, 'Media Naranja'),
(737, 7, 'Melo'),
(738, 7, 'Mendiolaza'),
(739, 7, 'Mi Granja'),
(740, 7, 'Mina Clavero'),
(741, 7, 'Miramar'),
(742, 7, 'Morrison'),
(743, 7, 'Morteros'),
(744, 7, 'Mte. Buey'),
(745, 7, 'Mte. Cristo'),
(746, 7, 'Mte. De Los Gauchos'),
(747, 7, 'Mte. Leña'),
(748, 7, 'Mte. Maíz'),
(749, 7, 'Mte. Ralo'),
(750, 7, 'Nicolás Bruzone'),
(751, 7, 'Noetinger'),
(752, 7, 'Nono'),
(753, 7, 'Nueva 7'),
(754, 7, 'Obispo Trejo'),
(755, 7, 'Olaeta'),
(756, 7, 'Oliva'),
(757, 7, 'Olivares San Nicolás'),
(758, 7, 'Onagolty'),
(759, 7, 'Oncativo'),
(760, 7, 'Ordoñez'),
(761, 7, 'Pacheco De Melo'),
(762, 7, 'Pampayasta N.'),
(763, 7, 'Pampayasta S.'),
(764, 7, 'Panaholma'),
(765, 7, 'Pascanas'),
(766, 7, 'Pasco'),
(767, 7, 'Paso del Durazno'),
(768, 7, 'Paso Viejo'),
(769, 7, 'Pilar'),
(770, 7, 'Pincén'),
(771, 7, 'Piquillín'),
(772, 7, 'Plaza de Mercedes'),
(773, 7, 'Plaza Luxardo'),
(774, 7, 'Porteña'),
(775, 7, 'Potrero de Garay'),
(776, 7, 'Pozo del Molle'),
(777, 7, 'Pozo Nuevo'),
(778, 7, 'Pueblo Italiano'),
(779, 7, 'Puesto de Castro'),
(780, 7, 'Punta del Agua'),
(781, 7, 'Quebracho Herrado'),
(782, 7, 'Quilino'),
(783, 7, 'Rafael García'),
(784, 7, 'Ranqueles'),
(785, 7, 'Rayo Cortado'),
(786, 7, 'Reducción'),
(787, 7, 'Rincón'),
(788, 7, 'Río Bamba'),
(789, 7, 'Río Ceballos'),
(790, 7, 'Río Cuarto'),
(791, 7, 'Río de Los Sauces'),
(792, 7, 'Río Primero'),
(793, 7, 'Río Segundo'),
(794, 7, 'Río Tercero'),
(795, 7, 'Rosales'),
(796, 7, 'Rosario del Saladillo'),
(797, 7, 'Sacanta'),
(798, 7, 'Sagrada Familia'),
(799, 7, 'Saira'),
(800, 7, 'Saladillo'),
(801, 7, 'Saldán'),
(802, 7, 'Salsacate'),
(803, 7, 'Salsipuedes'),
(804, 7, 'Sampacho'),
(805, 7, 'San Agustín'),
(806, 7, 'San Antonio de Arredondo'),
(807, 7, 'San Antonio de Litín'),
(808, 7, 'San Basilio'),
(809, 7, 'San Carlos Minas'),
(810, 7, 'San Clemente'),
(811, 7, 'San Esteban'),
(812, 7, 'San Francisco'),
(813, 7, 'San Ignacio'),
(814, 7, 'San Javier'),
(815, 7, 'San Jerónimo'),
(816, 7, 'San Joaquín'),
(817, 7, 'San José de La Dormida'),
(818, 7, 'San José de Las Salinas'),
(819, 7, 'San Lorenzo'),
(820, 7, 'San Marcos Sierras'),
(821, 7, 'San Marcos Sud'),
(822, 7, 'San Pedro'),
(823, 7, 'San Pedro N.'),
(824, 7, 'San Roque'),
(825, 7, 'San Vicente'),
(826, 7, 'Santa Catalina'),
(827, 7, 'Santa Elena'),
(828, 7, 'Santa Eufemia'),
(829, 7, 'Santa Maria'),
(830, 7, 'Sarmiento'),
(831, 7, 'Saturnino M.Laspiur'),
(832, 7, 'Sauce Arriba'),
(833, 7, 'Sebastián Elcano'),
(834, 7, 'Seeber'),
(835, 7, 'Segunda Usina'),
(836, 7, 'Serrano'),
(837, 7, 'Serrezuela'),
(838, 7, 'Sgo. Temple'),
(839, 7, 'Silvio Pellico'),
(840, 7, 'Simbolar'),
(841, 7, 'Sinsacate'),
(842, 7, 'Sta. Rosa de Calamuchita'),
(843, 7, 'Sta. Rosa de Río Primero'),
(844, 7, 'Suco'),
(845, 7, 'Tala Cañada'),
(846, 7, 'Tala Huasi'),
(847, 7, 'Talaini'),
(848, 7, 'Tancacha'),
(849, 7, 'Tanti'),
(850, 7, 'Ticino'),
(851, 7, 'Tinoco'),
(852, 7, 'Tío Pujio'),
(853, 7, 'Toledo'),
(854, 7, 'Toro Pujio'),
(855, 7, 'Tosno'),
(856, 7, 'Tosquita'),
(857, 7, 'Tránsito'),
(858, 7, 'Tuclame'),
(859, 7, 'Tutti'),
(860, 7, 'Ucacha'),
(861, 7, 'Unquillo'),
(862, 7, 'Valle de Anisacate'),
(863, 7, 'Valle Hermoso'),
(864, 7, 'Vélez Sarfield'),
(865, 7, 'Viamonte'),
(866, 7, 'Vicuña Mackenna'),
(867, 7, 'Villa Allende'),
(868, 7, 'Villa Amancay'),
(869, 7, 'Villa Ascasubi'),
(870, 7, 'Villa Candelaria N.'),
(871, 7, 'Villa Carlos Paz'),
(872, 7, 'Villa Cerro Azul'),
(873, 7, 'Villa Ciudad de América'),
(874, 7, 'Villa Ciudad Pque Los Reartes'),
(875, 7, 'Villa Concepción del Tío'),
(876, 7, 'Villa Cura Brochero'),
(877, 7, 'Villa de Las Rosas'),
(878, 7, 'Villa de María'),
(879, 7, 'Villa de Pocho'),
(880, 7, 'Villa de Soto'),
(881, 7, 'Villa del Dique'),
(882, 7, 'Villa del Prado'),
(883, 7, 'Villa del Rosario'),
(884, 7, 'Villa del Totoral'),
(885, 7, 'Villa Dolores'),
(886, 7, 'Villa El Chancay'),
(887, 7, 'Villa Elisa'),
(888, 7, 'Villa Flor Serrana'),
(889, 7, 'Villa Fontana'),
(890, 7, 'Villa Giardino'),
(891, 7, 'Villa Gral. Belgrano'),
(892, 7, 'Villa Gutierrez'),
(893, 7, 'Villa Huidobro'),
(894, 7, 'Villa La Bolsa'),
(895, 7, 'Villa Los Aromos'),
(896, 7, 'Villa Los Patos'),
(897, 7, 'Villa María'),
(898, 7, 'Villa Nueva'),
(899, 7, 'Villa Pque. Santa Ana'),
(900, 7, 'Villa Pque. Siquiman'),
(901, 7, 'Villa Quillinzo'),
(902, 7, 'Villa Rossi'),
(903, 7, 'Villa Rumipal'),
(904, 7, 'Villa San Esteban'),
(905, 7, 'Villa San Isidro'),
(906, 7, 'Villa 21'),
(907, 7, 'Villa Sarmiento (G.R)'),
(908, 7, 'Villa Sarmiento (S.A)'),
(909, 7, 'Villa Tulumba'),
(910, 7, 'Villa Valeria'),
(911, 7, 'Villa Yacanto'),
(912, 7, 'Washington'),
(913, 7, 'Wenceslao Escalante'),
(914, 7, 'Ycho Cruz Sierras'),
(915, 8, 'Alvear'),
(916, 8, 'Bella Vista'),
(917, 8, 'Berón de Astrada'),
(918, 8, 'Bonpland'),
(919, 8, 'Caá Cati'),
(920, 8, 'Capital'),
(921, 8, 'Chavarría'),
(922, 8, 'Col. C. Pellegrini'),
(923, 8, 'Col. Libertad'),
(924, 8, 'Col. Liebig'),
(925, 8, 'Col. Sta Rosa'),
(926, 8, 'Concepción'),
(927, 8, 'Cruz de Los Milagros'),
(928, 8, 'Curuzú-Cuatiá'),
(929, 8, 'Empedrado'),
(930, 8, 'Esquina'),
(931, 8, 'Estación Torrent'),
(932, 8, 'Felipe Yofré'),
(933, 8, 'Garruchos'),
(934, 8, 'Gdor. Agrónomo'),
(935, 8, 'Gdor. Martínez'),
(936, 8, 'Goya'),
(937, 8, 'Guaviravi'),
(938, 8, 'Herlitzka'),
(939, 8, 'Ita-Ibate'),
(940, 8, 'Itatí'),
(941, 8, 'Ituzaingó'),
(942, 8, 'José Rafael Gómez'),
(943, 8, 'Juan Pujol'),
(944, 8, 'La Cruz'),
(945, 8, 'Lavalle'),
(946, 8, 'Lomas de Vallejos'),
(947, 8, 'Loreto'),
(948, 8, 'Mariano I. Loza'),
(949, 8, 'Mburucuyá'),
(950, 8, 'Mercedes'),
(951, 8, 'Mocoretá'),
(952, 8, 'Mte. Caseros'),
(953, 8, 'Nueve de Julio'),
(954, 8, 'Palmar Grande'),
(955, 8, 'Parada Pucheta'),
(956, 8, 'Paso de La Patria'),
(957, 8, 'Paso de Los Libres'),
(958, 8, 'Pedro R. Fernandez'),
(959, 8, 'Perugorría'),
(960, 8, 'Pueblo Libertador'),
(961, 8, 'Ramada Paso'),
(962, 8, 'Riachuelo'),
(963, 8, 'Saladas'),
(964, 8, 'San Antonio'),
(965, 8, 'San Carlos'),
(966, 8, 'San Cosme'),
(967, 8, 'San Lorenzo'),
(968, 8, '20 del Palmar'),
(969, 8, 'San Miguel'),
(970, 8, 'San Roque'),
(971, 8, 'Santa Ana'),
(972, 8, 'Santa Lucía'),
(973, 8, 'Santo Tomé'),
(974, 8, 'Sauce'),
(975, 8, 'Tabay'),
(976, 8, 'Tapebicuá'),
(977, 8, 'Tatacua'),
(978, 8, 'Virasoro'),
(979, 8, 'Yapeyú'),
(980, 8, 'Yataití Calle'),
(981, 9, 'Alarcón'),
(982, 9, 'Alcaraz'),
(983, 9, 'Alcaraz N.'),
(984, 9, 'Alcaraz S.'),
(985, 9, 'Aldea Asunción'),
(986, 9, 'Aldea Brasilera'),
(987, 9, 'Aldea Elgenfeld'),
(988, 9, 'Aldea Grapschental'),
(989, 9, 'Aldea Ma. Luisa'),
(990, 9, 'Aldea Protestante'),
(991, 9, 'Aldea Salto'),
(992, 9, 'Aldea San Antonio (G)'),
(993, 9, 'Aldea San Antonio (P)'),
(994, 9, 'Aldea 19'),
(995, 9, 'Aldea San Miguel'),
(996, 9, 'Aldea San Rafael'),
(997, 9, 'Aldea Spatzenkutter'),
(998, 9, 'Aldea Sta. María'),
(999, 9, 'Aldea Sta. Rosa'),
(1000, 9, 'Aldea Valle María'),
(1001, 9, 'Altamirano Sur'),
(1002, 9, 'Antelo'),
(1003, 9, 'Antonio Tomás'),
(1004, 9, 'Aranguren'),
(1005, 9, 'Arroyo Barú'),
(1006, 9, 'Arroyo Burgos'),
(1007, 9, 'Arroyo Clé'),
(1008, 9, 'Arroyo Corralito'),
(1009, 9, 'Arroyo del Medio'),
(1010, 9, 'Arroyo Maturrango'),
(1011, 9, 'Arroyo Palo Seco'),
(1012, 9, 'Banderas'),
(1013, 9, 'Basavilbaso'),
(1014, 9, 'Betbeder'),
(1015, 9, 'Bovril'),
(1016, 9, 'Caseros'),
(1017, 9, 'Ceibas'),
(1018, 9, 'Cerrito'),
(1019, 9, 'Chajarí'),
(1020, 9, 'Chilcas'),
(1021, 9, 'Clodomiro Ledesma'),
(1022, 9, 'Col. Alemana'),
(1023, 9, 'Col. Avellaneda'),
(1024, 9, 'Col. Avigdor'),
(1025, 9, 'Col. Ayuí'),
(1026, 9, 'Col. Baylina'),
(1027, 9, 'Col. Carrasco'),
(1028, 9, 'Col. Celina'),
(1029, 9, 'Col. Cerrito'),
(1030, 9, 'Col. Crespo'),
(1031, 9, 'Col. Elia'),
(1032, 9, 'Col. Ensayo'),
(1033, 9, 'Col. Gral. Roca'),
(1034, 9, 'Col. La Argentina'),
(1035, 9, 'Col. Merou'),
(1036, 9, 'Col. Oficial Nª3'),
(1037, 9, 'Col. Oficial Nº13'),
(1038, 9, 'Col. Oficial Nº14'),
(1039, 9, 'Col. Oficial Nº5'),
(1040, 9, 'Col. Reffino'),
(1041, 9, 'Col. Tunas'),
(1042, 9, 'Col. Viraró'),
(1043, 9, 'Colón'),
(1044, 9, 'Concepción del Uruguay'),
(1045, 9, 'Concordia'),
(1046, 9, 'Conscripto Bernardi'),
(1047, 9, 'Costa Grande'),
(1048, 9, 'Costa San Antonio'),
(1049, 9, 'Costa Uruguay N.'),
(1050, 9, 'Costa Uruguay S.'),
(1051, 9, 'Crespo'),
(1052, 9, 'Crucecitas 3ª'),
(1053, 9, 'Crucecitas 7ª'),
(1054, 9, 'Crucecitas 8ª'),
(1055, 9, 'Cuchilla Redonda'),
(1056, 9, 'Curtiembre'),
(1057, 9, 'Diamante'),
(1058, 9, 'Distrito 6º'),
(1059, 9, 'Distrito Chañar'),
(1060, 9, 'Distrito Chiqueros'),
(1061, 9, 'Distrito Cuarto'),
(1062, 9, 'Distrito Diego López'),
(1063, 9, 'Distrito Pajonal'),
(1064, 9, 'Distrito Sauce'),
(1065, 9, 'Distrito Tala'),
(1066, 9, 'Distrito Talitas'),
(1067, 9, 'Don Cristóbal 1ª Sección'),
(1068, 9, 'Don Cristóbal 2ª Sección'),
(1069, 9, 'Durazno'),
(1070, 9, 'El Cimarrón'),
(1071, 9, 'El Gramillal'),
(1072, 9, 'El Palenque'),
(1073, 9, 'El Pingo'),
(1074, 9, 'El Quebracho'),
(1075, 9, 'El Redomón'),
(1076, 9, 'El Solar'),
(1077, 9, 'Enrique Carbo'),
(1078, 9, '9'),
(1079, 9, 'Espinillo N.'),
(1080, 9, 'Estación Campos'),
(1081, 9, 'Estación Escriña'),
(1082, 9, 'Estación Lazo'),
(1083, 9, 'Estación Raíces'),
(1084, 9, 'Estación Yerúa'),
(1085, 9, 'Estancia Grande'),
(1086, 9, 'Estancia Líbaros'),
(1087, 9, 'Estancia Racedo'),
(1088, 9, 'Estancia Solá'),
(1089, 9, 'Estancia Yuquerí'),
(1090, 9, 'Estaquitas'),
(1091, 9, 'Faustino M. Parera'),
(1092, 9, 'Febre'),
(1093, 9, 'Federación'),
(1094, 9, 'Federal'),
(1095, 9, 'Gdor. Echagüe'),
(1096, 9, 'Gdor. Mansilla'),
(1097, 9, 'Gilbert'),
(1098, 9, 'González Calderón'),
(1099, 9, 'Gral. Almada'),
(1100, 9, 'Gral. Alvear'),
(1101, 9, 'Gral. Campos'),
(1102, 9, 'Gral. Galarza'),
(1103, 9, 'Gral. Ramírez'),
(1104, 9, 'Gualeguay'),
(1105, 9, 'Gualeguaychú'),
(1106, 9, 'Gualeguaycito'),
(1107, 9, 'Guardamonte'),
(1108, 9, 'Hambis'),
(1109, 9, 'Hasenkamp'),
(1110, 9, 'Hernandarias'),
(1111, 9, 'Hernández'),
(1112, 9, 'Herrera'),
(1113, 9, 'Hinojal'),
(1114, 9, 'Hocker'),
(1115, 9, 'Ing. Sajaroff'),
(1116, 9, 'Irazusta'),
(1117, 9, 'Isletas'),
(1118, 9, 'J.J De Urquiza'),
(1119, 9, 'Jubileo'),
(1120, 9, 'La Clarita'),
(1121, 9, 'La Criolla'),
(1122, 9, 'La Esmeralda'),
(1123, 9, 'La Florida'),
(1124, 9, 'La Fraternidad'),
(1125, 9, 'La Hierra'),
(1126, 9, 'La Ollita'),
(1127, 9, 'La Paz'),
(1128, 9, 'La Picada'),
(1129, 9, 'La Providencia'),
(1130, 9, 'La Verbena'),
(1131, 9, 'Laguna Benítez'),
(1132, 9, 'Larroque'),
(1133, 9, 'Las Cuevas'),
(1134, 9, 'Las Garzas'),
(1135, 9, 'Las Guachas'),
(1136, 9, 'Las Mercedes'),
(1137, 9, 'Las Moscas'),
(1138, 9, 'Las Mulitas'),
(1139, 9, 'Las Toscas'),
(1140, 9, 'Laurencena'),
(1141, 9, 'Libertador San Martín'),
(1142, 9, 'Loma Limpia'),
(1143, 9, 'Los Ceibos'),
(1144, 9, 'Los Charruas'),
(1145, 9, 'Los Conquistadores'),
(1146, 9, 'Lucas González'),
(1147, 9, 'Lucas N.'),
(1148, 9, 'Lucas S. 1ª'),
(1149, 9, 'Lucas S. 2ª'),
(1150, 9, 'Maciá'),
(1151, 9, 'María Grande'),
(1152, 9, 'María Grande 2ª'),
(1153, 9, 'Médanos'),
(1154, 9, 'Mojones N.'),
(1155, 9, 'Mojones S.'),
(1156, 9, 'Molino Doll'),
(1157, 9, 'Monte Redondo'),
(1158, 9, 'Montoya'),
(1159, 9, 'Mulas Grandes'),
(1160, 9, 'Ñancay'),
(1161, 9, 'Nogoyá'),
(1162, 9, 'Nueva Escocia'),
(1163, 9, 'Nueva Vizcaya'),
(1164, 9, 'Ombú'),
(1165, 9, 'Oro Verde'),
(1166, 9, 'Paraná'),
(1167, 9, 'Pasaje Guayaquil'),
(1168, 9, 'Pasaje Las Tunas'),
(1169, 9, 'Paso de La Arena'),
(1170, 9, 'Paso de La Laguna'),
(1171, 9, 'Paso de Las Piedras'),
(1172, 9, 'Paso Duarte'),
(1173, 9, 'Pastor Britos'),
(1174, 9, 'Pedernal'),
(1175, 9, 'Perdices'),
(1176, 9, 'Picada Berón'),
(1177, 9, 'Piedras Blancas'),
(1178, 9, 'Primer Distrito Cuchilla'),
(1179, 9, 'Primero de Mayo'),
(1180, 9, 'Pronunciamiento'),
(1181, 9, 'Pto. Algarrobo'),
(1182, 9, 'Pto. Ibicuy'),
(1183, 9, 'Pueblo Brugo'),
(1184, 9, 'Pueblo Cazes'),
(1185, 9, 'Pueblo Gral. Belgrano'),
(1186, 9, 'Pueblo Liebig'),
(1187, 9, 'Puerto Yeruá'),
(1188, 9, 'Punta del Monte'),
(1189, 9, 'Quebracho'),
(1190, 9, 'Quinto Distrito'),
(1191, 9, 'Raices Oeste'),
(1192, 9, 'Rincón de Nogoyá'),
(1193, 9, 'Rincón del Cinto'),
(1194, 9, 'Rincón del Doll'),
(1195, 9, 'Rincón del Gato'),
(1196, 9, 'Rocamora'),
(1197, 9, 'Rosario del Tala'),
(1198, 9, 'San Benito'),
(1199, 9, 'San Cipriano'),
(1200, 9, 'San Ernesto'),
(1201, 9, 'San Gustavo'),
(1202, 9, 'San Jaime'),
(1203, 9, 'San José'),
(1204, 9, 'San José de Feliciano'),
(1205, 9, 'San Justo'),
(1206, 9, 'San Marcial'),
(1207, 9, 'San Pedro'),
(1208, 9, 'San Ramírez'),
(1209, 9, 'San Ramón'),
(1210, 9, 'San Roque'),
(1211, 9, 'San Salvador'),
(1212, 9, 'San Víctor'),
(1213, 9, 'Santa Ana'),
(1214, 9, 'Santa Anita'),
(1215, 9, 'Santa Elena'),
(1216, 9, 'Santa Lucía'),
(1217, 9, 'Santa Luisa'),
(1218, 9, 'Sauce de Luna'),
(1219, 9, 'Sauce Montrull'),
(1220, 9, 'Sauce Pinto'),
(1221, 9, 'Sauce Sur'),
(1222, 9, 'Seguí'),
(1223, 9, 'Sir Leonard'),
(1224, 9, 'Sosa'),
(1225, 9, 'Tabossi'),
(1226, 9, 'Tezanos Pinto'),
(1227, 9, 'Ubajay'),
(1228, 9, 'Urdinarrain'),
(1229, 9, 'Veinte de Septiembre'),
(1230, 9, 'Viale'),
(1231, 9, 'Victoria'),
(1232, 9, 'Villa Clara'),
(1233, 9, 'Villa del Rosario'),
(1234, 9, 'Villa Domínguez'),
(1235, 9, 'Villa Elisa'),
(1236, 9, 'Villa Fontana'),
(1237, 9, 'Villa Gdor. Etchevehere'),
(1238, 9, 'Villa Mantero'),
(1239, 9, 'Villa Paranacito'),
(1240, 9, 'Villa Urquiza'),
(1241, 9, 'Villaguay'),
(1242, 9, 'Walter Moss'),
(1243, 9, 'Yacaré'),
(1244, 9, 'Yeso Oeste'),
(1245, 10, 'Buena Vista'),
(1246, 10, 'Clorinda'),
(1247, 10, 'Col. Pastoril'),
(1248, 10, 'Cte. Fontana'),
(1249, 10, 'El Colorado'),
(1250, 10, 'El Espinillo'),
(1251, 10, 'Estanislao Del Campo'),
(1252, 10, '10'),
(1253, 10, 'Fortín Lugones'),
(1254, 10, 'Gral. Lucio V. Mansilla'),
(1255, 10, 'Gral. Manuel Belgrano'),
(1256, 10, 'Gral. Mosconi'),
(1257, 10, 'Gran Guardia'),
(1258, 10, 'Herradura'),
(1259, 10, 'Ibarreta'),
(1260, 10, 'Ing. Juárez'),
(1261, 10, 'Laguna Blanca'),
(1262, 10, 'Laguna Naick Neck'),
(1263, 10, 'Laguna Yema'),
(1264, 10, 'Las Lomitas'),
(1265, 10, 'Los Chiriguanos'),
(1266, 10, 'Mayor V. Villafañe'),
(1267, 10, 'Misión San Fco.'),
(1268, 10, 'Palo Santo'),
(1269, 10, 'Pirané'),
(1270, 10, 'Pozo del Maza'),
(1271, 10, 'Riacho He-He'),
(1272, 10, 'San Hilario'),
(1273, 10, 'San Martín II'),
(1274, 10, 'Siete Palmas'),
(1275, 10, 'Subteniente Perín'),
(1276, 10, 'Tres Lagunas'),
(1277, 10, 'Villa Dos Trece'),
(1278, 10, 'Villa Escolar'),
(1279, 10, 'Villa Gral. Güemes'),
(1280, 11, 'Abdon Castro Tolay'),
(1281, 11, 'Abra Pampa'),
(1282, 11, 'Abralaite'),
(1283, 11, 'Aguas Calientes'),
(1284, 11, 'Arrayanal'),
(1285, 11, 'Barrios'),
(1286, 11, 'Caimancito'),
(1287, 11, 'Calilegua'),
(1288, 11, 'Cangrejillos'),
(1289, 11, 'Caspala'),
(1290, 11, 'Catuá'),
(1291, 11, 'Cieneguillas'),
(1292, 11, 'Coranzulli'),
(1293, 11, 'Cusi-Cusi'),
(1294, 11, 'El Aguilar'),
(1295, 11, 'El Carmen'),
(1296, 11, 'El Cóndor'),
(1297, 11, 'El Fuerte'),
(1298, 11, 'El Piquete'),
(1299, 11, 'El Talar'),
(1300, 11, 'Fraile Pintado'),
(1301, 11, 'Hipólito Yrigoyen'),
(1302, 11, 'Huacalera'),
(1303, 11, 'Humahuaca'),
(1304, 11, 'La Esperanza'),
(1305, 11, 'La Mendieta'),
(1306, 11, 'La Quiaca'),
(1307, 11, 'Ledesma'),
(1308, 11, 'Libertador Gral. San Martin'),
(1309, 11, 'Maimara'),
(1310, 11, 'Mina Pirquitas'),
(1311, 11, 'Monterrico'),
(1312, 11, 'Palma Sola'),
(1313, 11, 'Palpalá'),
(1314, 11, 'Pampa Blanca'),
(1315, 11, 'Pampichuela'),
(1316, 11, 'Perico'),
(1317, 11, 'Puesto del Marqués'),
(1318, 11, 'Puesto Viejo'),
(1319, 11, 'Pumahuasi'),
(1320, 11, 'Purmamarca'),
(1321, 11, 'Rinconada'),
(1322, 11, 'Rodeitos'),
(1323, 11, 'Rosario de Río Grande'),
(1324, 11, 'San Antonio'),
(1325, 11, 'San Francisco'),
(1326, 11, 'San Pedro'),
(1327, 11, 'San Rafael'),
(1328, 11, 'San Salvador'),
(1329, 11, 'Santa Ana'),
(1330, 11, 'Santa Catalina'),
(1331, 11, 'Santa Clara'),
(1332, 11, 'Susques'),
(1333, 11, 'Tilcara'),
(1334, 11, 'Tres Cruces'),
(1335, 11, 'Tumbaya'),
(1336, 11, 'Valle Grande'),
(1337, 11, 'Vinalito'),
(1338, 11, 'Volcán'),
(1339, 11, 'Yala'),
(1340, 11, 'Yaví'),
(1341, 11, 'Yuto'),
(1342, 12, 'Abramo'),
(1343, 12, 'Adolfo Van Praet'),
(1344, 12, 'Agustoni'),
(1345, 12, 'Algarrobo del Aguila'),
(1346, 12, 'Alpachiri'),
(1347, 12, 'Alta Italia'),
(1348, 12, 'Anguil'),
(1349, 12, 'Arata'),
(1350, 12, 'Ataliva Roca'),
(1351, 12, 'Bernardo Larroude'),
(1352, 12, 'Bernasconi'),
(1353, 12, 'Caleufú'),
(1354, 12, 'Carro Quemado'),
(1355, 12, 'Catriló'),
(1356, 12, 'Ceballos'),
(1357, 12, 'Chacharramendi'),
(1358, 12, 'Col. Barón'),
(1359, 12, 'Col. Santa María'),
(1360, 12, 'Conhelo'),
(1361, 12, 'Coronel Hilario Lagos'),
(1362, 12, 'Cuchillo-Có'),
(1363, 12, 'Doblas'),
(1364, 12, 'Dorila'),
(1365, 12, 'Eduardo Castex'),
(1366, 12, 'Embajador Martini'),
(1367, 12, 'Falucho'),
(1368, 12, 'Gral. Acha'),
(1369, 12, 'Gral. Manuel Campos'),
(1370, 12, 'Gral. Pico'),
(1371, 12, 'Guatraché'),
(1372, 12, 'Ing. Luiggi'),
(1373, 12, 'Intendente Alvear'),
(1374, 12, 'Jacinto Arauz'),
(1375, 12, 'La Adela'),
(1376, 12, 'La Humada'),
(1377, 12, 'La Maruja'),
(1378, 12, '12'),
(1379, 12, 'La Reforma'),
(1380, 12, 'Limay Mahuida'),
(1381, 12, 'Lonquimay'),
(1382, 12, 'Loventuel'),
(1383, 12, 'Luan Toro'),
(1384, 12, 'Macachín'),
(1385, 12, 'Maisonnave'),
(1386, 12, 'Mauricio Mayer'),
(1387, 12, 'Metileo'),
(1388, 12, 'Miguel Cané'),
(1389, 12, 'Miguel Riglos'),
(1390, 12, 'Monte Nievas'),
(1391, 12, 'Parera'),
(1392, 12, 'Perú'),
(1393, 12, 'Pichi-Huinca'),
(1394, 12, 'Puelches'),
(1395, 12, 'Puelén'),
(1396, 12, 'Quehue'),
(1397, 12, 'Quemú Quemú'),
(1398, 12, 'Quetrequén'),
(1399, 12, 'Rancul'),
(1400, 12, 'Realicó'),
(1401, 12, 'Relmo'),
(1402, 12, 'Rolón'),
(1403, 12, 'Rucanelo'),
(1404, 12, 'Sarah'),
(1405, 12, 'Speluzzi'),
(1406, 12, 'Sta. Isabel'),
(1407, 12, 'Sta. Rosa'),
(1408, 12, 'Sta. Teresa'),
(1409, 12, 'Telén'),
(1410, 12, 'Toay'),
(1411, 12, 'Tomas M. de Anchorena'),
(1412, 12, 'Trenel'),
(1413, 12, 'Unanue'),
(1414, 12, 'Uriburu'),
(1415, 12, 'Veinticinco de Mayo'),
(1416, 12, 'Vertiz'),
(1417, 12, 'Victorica'),
(1418, 12, 'Villa Mirasol'),
(1419, 12, 'Winifreda'),
(1420, 13, 'Arauco'),
(1421, 13, 'Capital'),
(1422, 13, 'Castro Barros'),
(1423, 13, 'Chamical'),
(1424, 13, 'Chilecito'),
(1425, 13, 'Coronel F. Varela'),
(1426, 13, 'Famatina'),
(1427, 13, 'Gral. A.V.Peñaloza'),
(1428, 13, 'Gral. Belgrano'),
(1429, 13, 'Gral. J.F. Quiroga'),
(1430, 13, 'Gral. Lamadrid'),
(1431, 13, 'Gral. Ocampo'),
(1432, 13, 'Gral. San Martín'),
(1433, 13, 'Independencia'),
(1434, 13, 'Rosario Penaloza'),
(1435, 13, 'San Blas de Los Sauces'),
(1436, 13, 'Sanagasta'),
(1437, 13, 'Vinchina'),
(1438, 14, 'Capital'),
(1439, 14, 'Chacras de Coria'),
(1440, 14, 'Dorrego'),
(1441, 14, 'Gllen'),
(1442, 14, 'Godoy Cruz'),
(1443, 14, 'Gral. Alvear'),
(1444, 14, 'Guaymallén'),
(1445, 14, 'Junín'),
(1446, 14, 'La Paz'),
(1447, 14, 'Las Heras'),
(1448, 14, 'Lavalle'),
(1449, 14, 'Luján'),
(1450, 14, 'Luján De Cuyo'),
(1451, 14, 'Maipú'),
(1452, 14, 'Malargüe'),
(1453, 14, 'Rivadavia'),
(1454, 14, 'San Carlos'),
(1455, 14, 'San Martín'),
(1456, 14, 'San Rafael'),
(1457, 14, 'Sta. Rosa'),
(1458, 14, 'Tunuyán'),
(1459, 14, 'Tupungato'),
(1460, 14, 'Villa Nueva'),
(1461, 15, 'Alba Posse'),
(1462, 15, 'Almafuerte'),
(1463, 15, 'Apóstoles'),
(1464, 15, 'Aristóbulo Del Valle'),
(1465, 15, 'Arroyo Del Medio'),
(1466, 15, 'Azara'),
(1467, 15, 'Bdo. De Irigoyen'),
(1468, 15, 'Bonpland'),
(1469, 15, 'Caá Yari'),
(1470, 15, 'Campo Grande'),
(1471, 15, 'Campo Ramón'),
(1472, 15, 'Campo Viera'),
(1473, 15, 'Candelaria'),
(1474, 15, 'Capioví'),
(1475, 15, 'Caraguatay'),
(1476, 15, 'Cdte. Guacurarí'),
(1477, 15, 'Cerro Azul'),
(1478, 15, 'Cerro Corá'),
(1479, 15, 'Col. Alberdi'),
(1480, 15, 'Col. Aurora'),
(1481, 15, 'Col. Delicia'),
(1482, 15, 'Col. Polana'),
(1483, 15, 'Col. Victoria'),
(1484, 15, 'Col. Wanda'),
(1485, 15, 'Concepción De La Sierra'),
(1486, 15, 'Corpus'),
(1487, 15, 'Dos Arroyos'),
(1488, 15, 'Dos de Mayo'),
(1489, 15, 'El Alcázar'),
(1490, 15, 'El Dorado'),
(1491, 15, 'El Soberbio'),
(1492, 15, 'Esperanza'),
(1493, 15, 'F. Ameghino'),
(1494, 15, 'Fachinal'),
(1495, 15, 'Garuhapé'),
(1496, 15, 'Garupá'),
(1497, 15, 'Gdor. López'),
(1498, 15, 'Gdor. Roca'),
(1499, 15, 'Gral. Alvear'),
(1500, 15, 'Gral. Urquiza'),
(1501, 15, 'Guaraní'),
(1502, 15, 'H. Yrigoyen'),
(1503, 15, 'Iguazú'),
(1504, 15, 'Itacaruaré'),
(1505, 15, 'Jardín América'),
(1506, 15, 'Leandro N. Alem'),
(1507, 15, 'Libertad'),
(1508, 15, 'Loreto'),
(1509, 15, 'Los Helechos'),
(1510, 15, 'Mártires'),
(1511, 15, '15'),
(1512, 15, 'Mojón Grande'),
(1513, 15, 'Montecarlo'),
(1514, 15, 'Nueve de Julio'),
(1515, 15, 'Oberá'),
(1516, 15, 'Olegario V. Andrade'),
(1517, 15, 'Panambí'),
(1518, 15, 'Posadas'),
(1519, 15, 'Profundidad'),
(1520, 15, 'Pto. Iguazú'),
(1521, 15, 'Pto. Leoni'),
(1522, 15, 'Pto. Piray'),
(1523, 15, 'Pto. Rico'),
(1524, 15, 'Ruiz de Montoya'),
(1525, 15, 'San Antonio'),
(1526, 15, 'San Ignacio'),
(1527, 15, 'San Javier'),
(1528, 15, 'San José'),
(1529, 15, 'San Martín'),
(1530, 15, 'San Pedro'),
(1531, 15, 'San Vicente'),
(1532, 15, 'Santiago De Liniers'),
(1533, 15, 'Santo Pipo'),
(1534, 15, 'Sta. Ana'),
(1535, 15, 'Sta. María'),
(1536, 15, 'Tres Capones'),
(1537, 15, 'Veinticinco de Mayo'),
(1538, 15, 'Wanda'),
(1539, 16, 'Aguada San Roque'),
(1540, 16, 'Aluminé'),
(1541, 16, 'Andacollo'),
(1542, 16, 'Añelo'),
(1543, 16, 'Bajada del Agrio'),
(1544, 16, 'Barrancas'),
(1545, 16, 'Buta Ranquil'),
(1546, 16, 'Capital'),
(1547, 16, 'Caviahué'),
(1548, 16, 'Centenario'),
(1549, 16, 'Chorriaca'),
(1550, 16, 'Chos Malal'),
(1551, 16, 'Cipolletti'),
(1552, 16, 'Covunco Abajo'),
(1553, 16, 'Coyuco Cochico'),
(1554, 16, 'Cutral Có'),
(1555, 16, 'El Cholar'),
(1556, 16, 'El Huecú'),
(1557, 16, 'El Sauce'),
(1558, 16, 'Guañacos'),
(1559, 16, 'Huinganco'),
(1560, 16, 'Las Coloradas'),
(1561, 16, 'Las Lajas'),
(1562, 16, 'Las Ovejas'),
(1563, 16, 'Loncopué'),
(1564, 16, 'Los Catutos'),
(1565, 16, 'Los Chihuidos'),
(1566, 16, 'Los Miches'),
(1567, 16, 'Manzano Amargo'),
(1568, 16, '16'),
(1569, 16, 'Octavio Pico'),
(1570, 16, 'Paso Aguerre'),
(1571, 16, 'Picún Leufú'),
(1572, 16, 'Piedra del Aguila'),
(1573, 16, 'Pilo Lil'),
(1574, 16, 'Plaza Huincul'),
(1575, 16, 'Plottier'),
(1576, 16, 'Quili Malal'),
(1577, 16, 'Ramón Castro'),
(1578, 16, 'Rincón de Los Sauces'),
(1579, 16, 'San Martín de Los Andes'),
(1580, 16, 'San Patricio del Chañar'),
(1581, 16, 'Santo Tomás'),
(1582, 16, 'Sauzal Bonito'),
(1583, 16, 'Senillosa'),
(1584, 16, 'Taquimilán'),
(1585, 16, 'Tricao Malal'),
(1586, 16, 'Varvarco'),
(1587, 16, 'Villa Curí Leuvu'),
(1588, 16, 'Villa del Nahueve'),
(1589, 16, 'Villa del Puente Picún Leuvú'),
(1590, 16, 'Villa El Chocón'),
(1591, 16, 'Villa La Angostura'),
(1592, 16, 'Villa Pehuenia'),
(1593, 16, 'Villa Traful'),
(1594, 16, 'Vista Alegre'),
(1595, 16, 'Zapala'),
(1596, 17, 'Aguada Cecilio'),
(1597, 17, 'Aguada de Guerra'),
(1598, 17, 'Allén'),
(1599, 17, 'Arroyo de La Ventana'),
(1600, 17, 'Arroyo Los Berros'),
(1601, 17, 'Bariloche'),
(1602, 17, 'Calte. Cordero'),
(1603, 17, 'Campo Grande'),
(1604, 17, 'Catriel'),
(1605, 17, 'Cerro Policía'),
(1606, 17, 'Cervantes'),
(1607, 17, 'Chelforo'),
(1608, 17, 'Chimpay'),
(1609, 17, 'Chinchinales'),
(1610, 17, 'Chipauquil'),
(1611, 17, 'Choele Choel'),
(1612, 17, 'Cinco Saltos'),
(1613, 17, 'Cipolletti'),
(1614, 17, 'Clemente Onelli'),
(1615, 17, 'Colán Conhue'),
(1616, 17, 'Comallo'),
(1617, 17, 'Comicó'),
(1618, 17, 'Cona Niyeu'),
(1619, 17, 'Coronel Belisle'),
(1620, 17, 'Cubanea'),
(1621, 17, 'Darwin'),
(1622, 17, 'Dina Huapi'),
(1623, 17, 'El Bolsón'),
(1624, 17, 'El Caín'),
(1625, 17, 'El Manso'),
(1626, 17, 'Gral. Conesa'),
(1627, 17, 'Gral. Enrique Godoy'),
(1628, 17, 'Gral. Fernandez Oro'),
(1629, 17, 'Gral. Roca'),
(1630, 17, 'Guardia Mitre'),
(1631, 17, 'Ing. Huergo'),
(1632, 17, 'Ing. Jacobacci'),
(1633, 17, 'Laguna Blanca'),
(1634, 17, 'Lamarque'),
(1635, 17, 'Las Grutas'),
(1636, 17, 'Los Menucos'),
(1637, 17, 'Luis Beltrán'),
(1638, 17, 'Mainqué'),
(1639, 17, 'Mamuel Choique'),
(1640, 17, 'Maquinchao'),
(1641, 17, 'Mencué'),
(1642, 17, 'Mtro. Ramos Mexia'),
(1643, 17, 'Nahuel Niyeu'),
(1644, 17, 'Naupa Huen'),
(1645, 17, 'Ñorquinco'),
(1646, 17, 'Ojos de Agua'),
(1647, 17, 'Paso de Agua'),
(1648, 17, 'Paso Flores'),
(1649, 17, 'Peñas Blancas'),
(1650, 17, 'Pichi Mahuida'),
(1651, 17, 'Pilcaniyeu'),
(1652, 17, 'Pomona'),
(1653, 17, 'Prahuaniyeu'),
(1654, 17, 'Rincón Treneta'),
(1655, 17, 'Río Chico'),
(1656, 17, 'Río Colorado'),
(1657, 17, 'Roca'),
(1658, 17, 'San Antonio Oeste'),
(1659, 17, 'San Javier'),
(1660, 17, 'Sierra Colorada'),
(1661, 17, 'Sierra Grande'),
(1662, 17, 'Sierra Pailemán'),
(1663, 17, 'Valcheta'),
(1664, 17, 'Valle Azul'),
(1665, 17, 'Viedma'),
(1666, 17, 'Villa Llanquín'),
(1667, 17, 'Villa Mascardi'),
(1668, 17, 'Villa Regina'),
(1669, 17, 'Yaminué'),
(1670, 18, 'A. Saravia'),
(1671, 18, 'Aguaray'),
(1672, 18, 'Angastaco'),
(1673, 18, 'Animaná'),
(1674, 18, 'Cachi'),
(1675, 18, 'Cafayate'),
(1676, 18, 'Campo Quijano'),
(1677, 18, 'Campo Santo'),
(1678, 18, 'Capital'),
(1679, 18, 'Cerrillos'),
(1680, 18, 'Chicoana'),
(1681, 18, 'Col. Sta. Rosa'),
(1682, 18, 'Coronel Moldes'),
(1683, 18, 'El Bordo'),
(1684, 18, 'El Carril'),
(1685, 18, 'El Galpón'),
(1686, 18, 'El Jardín'),
(1687, 18, 'El Potrero'),
(1688, 18, 'El Quebrachal'),
(1689, 18, 'El Tala'),
(1690, 18, 'Embarcación'),
(1691, 18, 'Gral. Ballivian'),
(1692, 18, 'Gral. Güemes'),
(1693, 18, 'Gral. Mosconi'),
(1694, 18, 'Gral. Pizarro'),
(1695, 18, 'Guachipas'),
(1696, 18, 'Hipólito Yrigoyen'),
(1697, 18, 'Iruyá'),
(1698, 18, 'Isla De Cañas'),
(1699, 18, 'J. V. Gonzalez'),
(1700, 18, 'La Caldera'),
(1701, 18, 'La Candelaria'),
(1702, 18, 'La Merced'),
(1703, 18, 'La Poma'),
(1704, 18, 'La Viña'),
(1705, 18, 'Las Lajitas'),
(1706, 18, 'Los Toldos'),
(1707, 18, 'Metán'),
(1708, 18, 'Molinos'),
(1709, 18, 'Nazareno'),
(1710, 18, 'Orán'),
(1711, 18, 'Payogasta'),
(1712, 18, 'Pichanal'),
(1713, 18, 'Prof. S. Mazza'),
(1714, 18, 'Río Piedras'),
(1715, 18, 'Rivadavia Banda Norte'),
(1716, 18, 'Rivadavia Banda Sur'),
(1717, 18, 'Rosario de La Frontera'),
(1718, 18, 'Rosario de Lerma'),
(1719, 18, 'Saclantás'),
(1720, 18, '18'),
(1721, 18, 'San Antonio'),
(1722, 18, 'San Carlos'),
(1723, 18, 'San José De Metán'),
(1724, 18, 'San Ramón'),
(1725, 18, 'Santa Victoria E.'),
(1726, 18, 'Santa Victoria O.'),
(1727, 18, 'Tartagal'),
(1728, 18, 'Tolar Grande'),
(1729, 18, 'Urundel'),
(1730, 18, 'Vaqueros'),
(1731, 18, 'Villa San Lorenzo'),
(1732, 19, 'Albardón'),
(1733, 19, 'Angaco'),
(1734, 19, 'Calingasta'),
(1735, 19, 'Capital'),
(1736, 19, 'Caucete'),
(1737, 19, 'Chimbas'),
(1738, 19, 'Iglesia'),
(1739, 19, 'Jachal'),
(1740, 19, 'Nueve de Julio'),
(1741, 19, 'Pocito'),
(1742, 19, 'Rawson'),
(1743, 19, 'Rivadavia'),
(1744, 19, '19'),
(1745, 19, 'San Martín'),
(1746, 19, 'Santa Lucía'),
(1747, 19, 'Sarmiento'),
(1748, 19, 'Ullum'),
(1749, 19, 'Valle Fértil'),
(1750, 19, 'Veinticinco de Mayo'),
(1751, 19, 'Zonda'),
(1752, 20, 'Alto Pelado'),
(1753, 20, 'Alto Pencoso'),
(1754, 20, 'Anchorena'),
(1755, 20, 'Arizona'),
(1756, 20, 'Bagual'),
(1757, 20, 'Balde'),
(1758, 20, 'Batavia'),
(1759, 20, 'Beazley'),
(1760, 20, 'Buena Esperanza'),
(1761, 20, 'Candelaria'),
(1762, 20, 'Capital'),
(1763, 20, 'Carolina'),
(1764, 20, 'Carpintería'),
(1765, 20, 'Concarán'),
(1766, 20, 'Cortaderas'),
(1767, 20, 'El Morro'),
(1768, 20, 'El Trapiche'),
(1769, 20, 'El Volcán'),
(1770, 20, 'Fortín El Patria'),
(1771, 20, 'Fortuna'),
(1772, 20, 'Fraga'),
(1773, 20, 'Juan Jorba'),
(1774, 20, 'Juan Llerena'),
(1775, 20, 'Juana Koslay'),
(1776, 20, 'Justo Daract'),
(1777, 20, 'La Calera'),
(1778, 20, 'La Florida'),
(1779, 20, 'La Punilla'),
(1780, 20, 'La Toma'),
(1781, 20, 'Lafinur'),
(1782, 20, 'Las Aguadas'),
(1783, 20, 'Las Chacras'),
(1784, 20, 'Las Lagunas'),
(1785, 20, 'Las Vertientes'),
(1786, 20, 'Lavaisse'),
(1787, 20, 'Leandro N. Alem'),
(1788, 20, 'Los Molles'),
(1789, 20, 'Luján'),
(1790, 20, 'Mercedes'),
(1791, 20, 'Merlo'),
(1792, 20, 'Naschel'),
(1793, 20, 'Navia'),
(1794, 20, 'Nogolí'),
(1795, 20, 'Nueva Galia'),
(1796, 20, 'Papagayos'),
(1797, 20, 'Paso Grande'),
(1798, 20, 'Potrero de Los Funes'),
(1799, 20, 'Quines'),
(1800, 20, 'Renca'),
(1801, 20, 'Saladillo'),
(1802, 20, 'San Francisco'),
(1803, 20, 'San Gerónimo'),
(1804, 20, 'San Martín'),
(1805, 20, 'San Pablo'),
(1806, 20, 'Santa Rosa de Conlara'),
(1807, 20, 'Talita'),
(1808, 20, 'Tilisarao'),
(1809, 20, 'Unión'),
(1810, 20, 'Villa de La Quebrada'),
(1811, 20, 'Villa de Praga'),
(1812, 20, 'Villa del Carmen'),
(1813, 20, 'Villa Gral. Roca'),
(1814, 20, 'Villa Larca'),
(1815, 20, 'Villa Mercedes'),
(1816, 20, 'Zanjitas'),
(1817, 21, 'Calafate'),
(1818, 21, 'Caleta Olivia'),
(1819, 21, 'Cañadón Seco'),
(1820, 21, 'Comandante Piedrabuena'),
(1821, 21, 'El Calafate'),
(1822, 21, 'El Chaltén'),
(1823, 21, 'Gdor. Gregores'),
(1824, 21, 'Hipólito Yrigoyen'),
(1825, 21, 'Jaramillo'),
(1826, 21, 'Koluel Kaike'),
(1827, 21, 'Las Heras'),
(1828, 21, 'Los Antiguos'),
(1829, 21, 'Perito Moreno'),
(1830, 21, 'Pico Truncado'),
(1831, 21, 'Pto. Deseado'),
(1832, 21, 'Pto. San Julián'),
(1833, 21, 'Pto. 21'),
(1834, 21, 'Río Cuarto'),
(1835, 21, 'Río Gallegos'),
(1836, 21, 'Río Turbio'),
(1837, 21, 'Tres Lagos'),
(1838, 21, 'Veintiocho De Noviembre'),
(1839, 22, 'Aarón Castellanos'),
(1840, 22, 'Acebal'),
(1841, 22, 'Aguará Grande'),
(1842, 22, 'Albarellos'),
(1843, 22, 'Alcorta'),
(1844, 22, 'Aldao'),
(1845, 22, 'Alejandra'),
(1846, 22, 'Álvarez'),
(1847, 22, 'Ambrosetti'),
(1848, 22, 'Amenábar'),
(1849, 22, 'Angélica'),
(1850, 22, 'Angeloni'),
(1851, 22, 'Arequito'),
(1852, 22, 'Arminda'),
(1853, 22, 'Armstrong'),
(1854, 22, 'Arocena'),
(1855, 22, 'Arroyo Aguiar'),
(1856, 22, 'Arroyo Ceibal'),
(1857, 22, 'Arroyo Leyes'),
(1858, 22, 'Arroyo Seco'),
(1859, 22, 'Arrufó'),
(1860, 22, 'Arteaga'),
(1861, 22, 'Ataliva'),
(1862, 22, 'Aurelia'),
(1863, 22, 'Avellaneda'),
(1864, 22, 'Barrancas'),
(1865, 22, 'Bauer Y Sigel'),
(1866, 22, 'Bella Italia'),
(1867, 22, 'Berabevú'),
(1868, 22, 'Berna'),
(1869, 22, 'Bernardo de Irigoyen'),
(1870, 22, 'Bigand'),
(1871, 22, 'Bombal'),
(1872, 22, 'Bouquet'),
(1873, 22, 'Bustinza'),
(1874, 22, 'Cabal'),
(1875, 22, 'Cacique Ariacaiquin'),
(1876, 22, 'Cafferata'),
(1877, 22, 'Calchaquí'),
(1878, 22, 'Campo Andino'),
(1879, 22, 'Campo Piaggio'),
(1880, 22, 'Cañada de Gómez'),
(1881, 22, 'Cañada del Ucle'),
(1882, 22, 'Cañada Rica'),
(1883, 22, 'Cañada Rosquín'),
(1884, 22, 'Candioti'),
(1885, 22, 'Capital'),
(1886, 22, 'Capitán Bermúdez'),
(1887, 22, 'Capivara'),
(1888, 22, 'Carcarañá'),
(1889, 22, 'Carlos Pellegrini'),
(1890, 22, 'Carmen'),
(1891, 22, 'Carmen Del Sauce'),
(1892, 22, 'Carreras'),
(1893, 22, 'Carrizales'),
(1894, 22, 'Casalegno'),
(1895, 22, 'Casas'),
(1896, 22, 'Casilda'),
(1897, 22, 'Castelar'),
(1898, 22, 'Castellanos'),
(1899, 22, 'Cayastá'),
(1900, 22, 'Cayastacito'),
(1901, 22, 'Centeno'),
(1902, 22, 'Cepeda'),
(1903, 22, 'Ceres'),
(1904, 22, 'Chabás'),
(1905, 22, 'Chañar Ladeado'),
(1906, 22, 'Chapuy'),
(1907, 22, 'Chovet'),
(1908, 22, 'Christophersen'),
(1909, 22, 'Classon'),
(1910, 22, 'Cnel. Arnold'),
(1911, 22, 'Cnel. Bogado'),
(1912, 22, 'Cnel. Dominguez'),
(1913, 22, 'Cnel. Fraga'),
(1914, 22, 'Col. Aldao'),
(1915, 22, 'Col. Ana'),
(1916, 22, 'Col. Belgrano'),
(1917, 22, 'Col. Bicha'),
(1918, 22, 'Col. Bigand'),
(1919, 22, 'Col. Bossi'),
(1920, 22, 'Col. Cavour'),
(1921, 22, 'Col. Cello'),
(1922, 22, 'Col. Dolores'),
(1923, 22, 'Col. Dos Rosas'),
(1924, 22, 'Col. Durán'),
(1925, 22, 'Col. Iturraspe'),
(1926, 22, 'Col. Margarita'),
(1927, 22, 'Col. Mascias'),
(1928, 22, 'Col. Raquel'),
(1929, 22, 'Col. Rosa'),
(1930, 22, 'Col. San José'),
(1931, 22, 'Constanza'),
(1932, 22, 'Coronda'),
(1933, 22, 'Correa'),
(1934, 22, 'Crispi'),
(1935, 22, 'Cululú'),
(1936, 22, 'Curupayti'),
(1937, 22, 'Desvio Arijón'),
(1938, 22, 'Diaz'),
(1939, 22, 'Diego de Alvear'),
(1940, 22, 'Egusquiza'),
(1941, 22, 'El Arazá'),
(1942, 22, 'El Rabón'),
(1943, 22, 'El Sombrerito'),
(1944, 22, 'El Trébol'),
(1945, 22, 'Elisa'),
(1946, 22, 'Elortondo'),
(1947, 22, 'Emilia'),
(1948, 22, 'Empalme San Carlos'),
(1949, 22, 'Empalme Villa Constitucion'),
(1950, 22, 'Esmeralda'),
(1951, 22, 'Esperanza'),
(1952, 22, 'Estación Alvear'),
(1953, 22, 'Estacion Clucellas'),
(1954, 22, 'Esteban Rams'),
(1955, 22, 'Esther'),
(1956, 22, 'Esustolia'),
(1957, 22, 'Eusebia'),
(1958, 22, 'Felicia'),
(1959, 22, 'Fidela'),
(1960, 22, 'Fighiera'),
(1961, 22, 'Firmat'),
(1962, 22, 'Florencia'),
(1963, 22, 'Fortín Olmos'),
(1964, 22, 'Franck'),
(1965, 22, 'Fray Luis Beltrán'),
(1966, 22, 'Frontera'),
(1967, 22, 'Fuentes'),
(1968, 22, 'Funes'),
(1969, 22, 'Gaboto'),
(1970, 22, 'Galisteo'),
(1971, 22, 'Gálvez'),
(1972, 22, 'Garabalto'),
(1973, 22, 'Garibaldi'),
(1974, 22, 'Gato Colorado'),
(1975, 22, 'Gdor. Crespo'),
(1976, 22, 'Gessler'),
(1977, 22, 'Godoy'),
(1978, 22, 'Golondrina'),
(1979, 22, 'Gral. Gelly'),
(1980, 22, 'Gral. Lagos'),
(1981, 22, 'Granadero Baigorria'),
(1982, 22, 'Gregoria Perez De Denis'),
(1983, 22, 'Grutly'),
(1984, 22, 'Guadalupe N.'),
(1985, 22, 'Gödeken'),
(1986, 22, 'Helvecia'),
(1987, 22, 'Hersilia'),
(1988, 22, 'Hipatía'),
(1989, 22, 'Huanqueros'),
(1990, 22, 'Hugentobler'),
(1991, 22, 'Hughes'),
(1992, 22, 'Humberto 1º'),
(1993, 22, 'Humboldt'),
(1994, 22, 'Ibarlucea'),
(1995, 22, 'Ing. Chanourdie'),
(1996, 22, 'Intiyaco'),
(1997, 22, 'Ituzaingó'),
(1998, 22, 'Jacinto L. Aráuz'),
(1999, 22, 'Josefina'),
(2000, 22, 'Juan B. Molina'),
(2001, 22, 'Juan de Garay'),
(2002, 22, 'Juncal'),
(2003, 22, 'La Brava'),
(2004, 22, 'La Cabral'),
(2005, 22, 'La Camila'),
(2006, 22, 'La Chispa'),
(2007, 22, 'La Clara'),
(2008, 22, 'La Criolla'),
(2009, 22, 'La Gallareta'),
(2010, 22, 'La Lucila'),
(2011, 22, 'La Pelada'),
(2012, 22, 'La Penca'),
(2013, 22, 'La Rubia'),
(2014, 22, 'La Sarita'),
(2015, 22, 'La Vanguardia'),
(2016, 22, 'Labordeboy'),
(2017, 22, 'Laguna Paiva'),
(2018, 22, 'Landeta'),
(2019, 22, 'Lanteri'),
(2020, 22, 'Larrechea'),
(2021, 22, 'Las Avispas'),
(2022, 22, 'Las Bandurrias'),
(2023, 22, 'Las Garzas'),
(2024, 22, 'Las Palmeras'),
(2025, 22, 'Las Parejas'),
(2026, 22, 'Las Petacas'),
(2027, 22, 'Las Rosas'),
(2028, 22, 'Las Toscas'),
(2029, 22, 'Las Tunas'),
(2030, 22, 'Lazzarino'),
(2031, 22, 'Lehmann'),
(2032, 22, 'Llambi Campbell'),
(2033, 22, 'Logroño'),
(2034, 22, 'Loma Alta'),
(2035, 22, 'López'),
(2036, 22, 'Los Amores'),
(2037, 22, 'Los Cardos'),
(2038, 22, 'Los Laureles'),
(2039, 22, 'Los Molinos'),
(2040, 22, 'Los Quirquinchos'),
(2041, 22, 'Lucio V. Lopez'),
(2042, 22, 'Luis Palacios'),
(2043, 22, 'Ma. Juana'),
(2044, 22, 'Ma. Luisa'),
(2045, 22, 'Ma. Susana'),
(2046, 22, 'Ma. Teresa'),
(2047, 22, 'Maciel'),
(2048, 22, 'Maggiolo'),
(2049, 22, 'Malabrigo'),
(2050, 22, 'Marcelino Escalada'),
(2051, 22, 'Margarita'),
(2052, 22, 'Matilde'),
(2053, 22, 'Mauá'),
(2054, 22, 'Máximo Paz'),
(2055, 22, 'Melincué'),
(2056, 22, 'Miguel Torres'),
(2057, 22, 'Moisés Ville'),
(2058, 22, 'Monigotes'),
(2059, 22, 'Monje'),
(2060, 22, 'Monte Obscuridad'),
(2061, 22, 'Monte Vera'),
(2062, 22, 'Montefiore'),
(2063, 22, 'Montes de Oca'),
(2064, 22, 'Murphy'),
(2065, 22, 'Ñanducita'),
(2066, 22, 'Naré'),
(2067, 22, 'Nelson'),
(2068, 22, 'Nicanor E. Molinas'),
(2069, 22, 'Nuevo Torino'),
(2070, 22, 'Oliveros'),
(2071, 22, 'Palacios'),
(2072, 22, 'Pavón'),
(2073, 22, 'Pavón Arriba'),
(2074, 22, 'Pedro Gómez Cello'),
(2075, 22, 'Pérez'),
(2076, 22, 'Peyrano'),
(2077, 22, 'Piamonte'),
(2078, 22, 'Pilar'),
(2079, 22, 'Piñero'),
(2080, 22, 'Plaza Clucellas'),
(2081, 22, 'Portugalete'),
(2082, 22, 'Pozo Borrado'),
(2083, 22, 'Progreso'),
(2084, 22, 'Providencia'),
(2085, 22, 'Pte. Roca'),
(2086, 22, 'Pueblo Andino'),
(2087, 22, 'Pueblo Esther'),
(2088, 22, 'Pueblo Gral. San Martín'),
(2089, 22, 'Pueblo Irigoyen'),
(2090, 22, 'Pueblo Marini'),
(2091, 22, 'Pueblo Muñoz'),
(2092, 22, 'Pueblo Uranga'),
(2093, 22, 'Pujato');
INSERT INTO `localidad` (`id`, `provincia_id`, `name`) VALUES
(2094, 22, 'Pujato N.'),
(2095, 22, 'Rafaela'),
(2096, 22, 'Ramayón'),
(2097, 22, 'Ramona'),
(2098, 22, 'Reconquista'),
(2099, 22, 'Recreo'),
(2100, 22, 'Ricardone'),
(2101, 22, 'Rivadavia'),
(2102, 22, 'Roldán'),
(2103, 22, 'Romang'),
(2104, 22, 'Rosario'),
(2105, 22, 'Rueda'),
(2106, 22, 'Rufino'),
(2107, 22, 'Sa Pereira'),
(2108, 22, 'Saguier'),
(2109, 22, 'Saladero M. Cabal'),
(2110, 22, 'Salto Grande'),
(2111, 22, 'San Agustín'),
(2112, 22, 'San Antonio de Obligado'),
(2113, 22, 'San Bernardo (N.J.)'),
(2114, 22, 'San Bernardo (S.J.)'),
(2115, 22, 'San Carlos Centro'),
(2116, 22, 'San Carlos N.'),
(2117, 22, 'San Carlos S.'),
(2118, 22, 'San Cristóbal'),
(2119, 22, 'San Eduardo'),
(2120, 22, 'San Eugenio'),
(2121, 22, 'San Fabián'),
(2122, 22, 'San Fco. de Santa Fé'),
(2123, 22, 'San Genaro'),
(2124, 22, 'San Genaro N.'),
(2125, 22, 'San Gregorio'),
(2126, 22, 'San Guillermo'),
(2127, 22, 'San Javier'),
(2128, 22, 'San Jerónimo del Sauce'),
(2129, 22, 'San Jerónimo N.'),
(2130, 22, 'San Jerónimo S.'),
(2131, 22, 'San Jorge'),
(2132, 22, 'San José de La Esquina'),
(2133, 22, 'San José del Rincón'),
(2134, 22, 'San Justo'),
(2135, 22, 'San Lorenzo'),
(2136, 22, 'San Mariano'),
(2137, 22, 'San Martín de Las Escobas'),
(2138, 22, 'San Martín N.'),
(2139, 22, 'San Vicente'),
(2140, 22, 'Sancti Spititu'),
(2141, 22, 'Sanford'),
(2142, 22, 'Santo Domingo'),
(2143, 22, 'Santo Tomé'),
(2144, 22, 'Santurce'),
(2145, 22, 'Sargento Cabral'),
(2146, 22, 'Sarmiento'),
(2147, 22, 'Sastre'),
(2148, 22, 'Sauce Viejo'),
(2149, 22, 'Serodino'),
(2150, 22, 'Silva'),
(2151, 22, 'Soldini'),
(2152, 22, 'Soledad'),
(2153, 22, 'Soutomayor'),
(2154, 22, 'Sta. Clara de Buena Vista'),
(2155, 22, 'Sta. Clara de Saguier'),
(2156, 22, 'Sta. Isabel'),
(2157, 22, 'Sta. Margarita'),
(2158, 22, 'Sta. Maria Centro'),
(2159, 22, 'Sta. María N.'),
(2160, 22, 'Sta. Rosa'),
(2161, 22, 'Sta. Teresa'),
(2162, 22, 'Suardi'),
(2163, 22, 'Sunchales'),
(2164, 22, 'Susana'),
(2165, 22, 'Tacuarendí'),
(2166, 22, 'Tacural'),
(2167, 22, 'Tartagal'),
(2168, 22, 'Teodelina'),
(2169, 22, 'Theobald'),
(2170, 22, 'Timbúes'),
(2171, 22, 'Toba'),
(2172, 22, 'Tortugas'),
(2173, 22, 'Tostado'),
(2174, 22, 'Totoras'),
(2175, 22, 'Traill'),
(2176, 22, 'Venado Tuerto'),
(2177, 22, 'Vera'),
(2178, 22, 'Vera y Pintado'),
(2179, 22, 'Videla'),
(2180, 22, 'Vila'),
(2181, 22, 'Villa Amelia'),
(2182, 22, 'Villa Ana'),
(2183, 22, 'Villa Cañas'),
(2184, 22, 'Villa Constitución'),
(2185, 22, 'Villa Eloísa'),
(2186, 22, 'Villa Gdor. Gálvez'),
(2187, 22, 'Villa Guillermina'),
(2188, 22, 'Villa Minetti'),
(2189, 22, 'Villa Mugueta'),
(2190, 22, 'Villa Ocampo'),
(2191, 22, 'Villa San José'),
(2192, 22, 'Villa Saralegui'),
(2193, 22, 'Villa Trinidad'),
(2194, 22, 'Villada'),
(2195, 22, 'Virginia'),
(2196, 22, 'Wheelwright'),
(2197, 22, 'Zavalla'),
(2198, 22, 'Zenón Pereira'),
(2199, 23, 'Añatuya'),
(2200, 23, 'Árraga'),
(2201, 23, 'Bandera'),
(2202, 23, 'Bandera Bajada'),
(2203, 23, 'Beltrán'),
(2204, 23, 'Brea Pozo'),
(2205, 23, 'Campo Gallo'),
(2206, 23, 'Capital'),
(2207, 23, 'Chilca Juliana'),
(2208, 23, 'Choya'),
(2209, 23, 'Clodomira'),
(2210, 23, 'Col. Alpina'),
(2211, 23, 'Col. Dora'),
(2212, 23, 'Col. El Simbolar Robles'),
(2213, 23, 'El Bobadal'),
(2214, 23, 'El Charco'),
(2215, 23, 'El Mojón'),
(2216, 23, 'Estación Atamisqui'),
(2217, 23, 'Estación Simbolar'),
(2218, 23, 'Fernández'),
(2219, 23, 'Fortín Inca'),
(2220, 23, 'Frías'),
(2221, 23, 'Garza'),
(2222, 23, 'Gramilla'),
(2223, 23, 'Guardia Escolta'),
(2224, 23, 'Herrera'),
(2225, 23, 'Icaño'),
(2226, 23, 'Ing. Forres'),
(2227, 23, 'La Banda'),
(2228, 23, 'La Cañada'),
(2229, 23, 'Laprida'),
(2230, 23, 'Lavalle'),
(2231, 23, 'Loreto'),
(2232, 23, 'Los Juríes'),
(2233, 23, 'Los Núñez'),
(2234, 23, 'Los Pirpintos'),
(2235, 23, 'Los Quiroga'),
(2236, 23, 'Los Telares'),
(2237, 23, 'Lugones'),
(2238, 23, 'Malbrán'),
(2239, 23, 'Matara'),
(2240, 23, 'Medellín'),
(2241, 23, 'Monte Quemado'),
(2242, 23, 'Nueva Esperanza'),
(2243, 23, 'Nueva Francia'),
(2244, 23, 'Palo Negro'),
(2245, 23, 'Pampa de Los Guanacos'),
(2246, 23, 'Pinto'),
(2247, 23, 'Pozo Hondo'),
(2248, 23, 'Quimilí'),
(2249, 23, 'Real Sayana'),
(2250, 23, 'Sachayoj'),
(2251, 23, 'San Pedro de Guasayán'),
(2252, 23, 'Selva'),
(2253, 23, 'Sol de Julio'),
(2254, 23, 'Sumampa'),
(2255, 23, 'Suncho Corral'),
(2256, 23, 'Taboada'),
(2257, 23, 'Tapso'),
(2258, 23, 'Termas de Rio Hondo'),
(2259, 23, 'Tintina'),
(2260, 23, 'Tomas Young'),
(2261, 23, 'Vilelas'),
(2262, 23, 'Villa Atamisqui'),
(2263, 23, 'Villa La Punta'),
(2264, 23, 'Villa Ojo de Agua'),
(2265, 23, 'Villa Río Hondo'),
(2266, 23, 'Villa Salavina'),
(2267, 23, 'Villa Unión'),
(2268, 23, 'Vilmer'),
(2269, 23, 'Weisburd'),
(2270, 24, 'Río Grande'),
(2271, 24, 'Tolhuin'),
(2272, 24, 'Ushuaia'),
(2273, 25, 'Acheral'),
(2274, 25, 'Agua Dulce'),
(2275, 25, 'Aguilares'),
(2276, 25, 'Alderetes'),
(2277, 25, 'Alpachiri'),
(2278, 25, 'Alto Verde'),
(2279, 25, 'Amaicha del Valle'),
(2280, 25, 'Amberes'),
(2281, 25, 'Ancajuli'),
(2282, 25, 'Arcadia'),
(2283, 25, 'Atahona'),
(2284, 25, 'Banda del Río Sali'),
(2285, 25, 'Bella Vista'),
(2286, 25, 'Buena Vista'),
(2287, 25, 'Burruyacú'),
(2288, 25, 'Capitán Cáceres'),
(2289, 25, 'Cevil Redondo'),
(2290, 25, 'Choromoro'),
(2291, 25, 'Ciudacita'),
(2292, 25, 'Colalao del Valle'),
(2293, 25, 'Colombres'),
(2294, 25, 'Concepción'),
(2295, 25, 'Delfín Gallo'),
(2296, 25, 'El Bracho'),
(2297, 25, 'El Cadillal'),
(2298, 25, 'El Cercado'),
(2299, 25, 'El Chañar'),
(2300, 25, 'El Manantial'),
(2301, 25, 'El Mojón'),
(2302, 25, 'El Mollar'),
(2303, 25, 'El Naranjito'),
(2304, 25, 'El Naranjo'),
(2305, 25, 'El Polear'),
(2306, 25, 'El Puestito'),
(2307, 25, 'El Sacrificio'),
(2308, 25, 'El Timbó'),
(2309, 25, 'Escaba'),
(2310, 25, 'Esquina'),
(2311, 25, 'Estación Aráoz'),
(2312, 25, 'Famaillá'),
(2313, 25, 'Gastone'),
(2314, 25, 'Gdor. Garmendia'),
(2315, 25, 'Gdor. Piedrabuena'),
(2316, 25, 'Graneros'),
(2317, 25, 'Huasa Pampa'),
(2318, 25, 'J. B. Alberdi'),
(2319, 25, 'La Cocha'),
(2320, 25, 'La Esperanza'),
(2321, 25, 'La Florida'),
(2322, 25, 'La Ramada'),
(2323, 25, 'La Trinidad'),
(2324, 25, 'Lamadrid'),
(2325, 25, 'Las Cejas'),
(2326, 25, 'Las Talas'),
(2327, 25, 'Las Talitas'),
(2328, 25, 'Los Bulacio'),
(2329, 25, 'Los Gómez'),
(2330, 25, 'Los Nogales'),
(2331, 25, 'Los Pereyra'),
(2332, 25, 'Los Pérez'),
(2333, 25, 'Los Puestos'),
(2334, 25, 'Los Ralos'),
(2335, 25, 'Los Sarmientos'),
(2336, 25, 'Los Sosa'),
(2337, 25, 'Lules'),
(2338, 25, 'M. García Fernández'),
(2339, 25, 'Manuela Pedraza'),
(2340, 25, 'Medinas'),
(2341, 25, 'Monte Bello'),
(2342, 25, 'Monteagudo'),
(2343, 25, 'Monteros'),
(2344, 25, 'Padre Monti'),
(2345, 25, 'Pampa Mayo'),
(2346, 25, 'Quilmes'),
(2347, 25, 'Raco'),
(2348, 25, 'Ranchillos'),
(2349, 25, 'Río Chico'),
(2350, 25, 'Río Colorado'),
(2351, 25, 'Río Seco'),
(2352, 25, 'Rumi Punco'),
(2353, 25, 'San Andrés'),
(2354, 25, 'San Felipe'),
(2355, 25, 'San Ignacio'),
(2356, 25, 'San Javier'),
(2357, 25, 'San José'),
(2358, 25, 'San Miguel de 25'),
(2359, 25, 'San Pedro'),
(2360, 25, 'San Pedro de Colalao'),
(2361, 25, 'Santa Rosa de Leales'),
(2362, 25, 'Sgto. Moya'),
(2363, 25, 'Siete de Abril'),
(2364, 25, 'Simoca'),
(2365, 25, 'Soldado Maldonado'),
(2366, 25, 'Sta. Ana'),
(2367, 25, 'Sta. Cruz'),
(2368, 25, 'Sta. Lucía'),
(2369, 25, 'Taco Ralo'),
(2370, 25, 'Tafí del Valle'),
(2371, 25, 'Tafí Viejo'),
(2372, 25, 'Tapia'),
(2373, 25, 'Teniente Berdina'),
(2374, 25, 'Trancas'),
(2375, 25, 'Villa Belgrano'),
(2376, 25, 'Villa Benjamín Araoz'),
(2377, 25, 'Villa Chiligasta'),
(2378, 25, 'Villa de Leales'),
(2379, 25, 'Villa Quinteros'),
(2380, 25, 'Yánima'),
(2381, 25, 'Yerba Buena'),
(2382, 25, 'Yerba Buena (S)');

-- --------------------------------------------------------

--
-- Estructura de tabla para la tabla `marca_auto`
--

CREATE TABLE `marca_auto` (
  `id` int(11) NOT NULL,
  `name` varchar(255) COLLATE utf8mb4_unicode_ci NOT NULL,
  `mla_id` varchar(255) COLLATE utf8mb4_unicode_ci NOT NULL,
  `fecha_alta` date NOT NULL,
  `fecha_baja` date DEFAULT NULL
) ENGINE=InnoDB DEFAULT CHARSET=utf8mb4 COLLATE=utf8mb4_unicode_ci;

--
-- Volcado de datos para la tabla `marca_auto`
--

INSERT INTO `marca_auto` (`id`, `name`, `mla_id`, `fecha_alta`, `fecha_baja`) VALUES
(1, 'Alfa Romeo', 'MLA6039', '2020-05-21', NULL),
(2, 'Aro', 'MLA411489', '2020-05-21', NULL),
(3, 'Asia', 'MLA10356', '2020-05-21', NULL),
(4, 'Aston Martin', 'MLA420506', '2020-05-21', NULL),
(5, 'Audi', 'MLA5782', '2020-05-21', NULL),
(6, 'BAIC', 'MLA410981', '2020-05-21', NULL),
(7, 'BMW', 'MLA5783', '2020-05-21', NULL),
(8, 'Changan', 'MLA422397', '2020-05-21', NULL),
(9, 'Chery', 'MLA42429', '2020-05-21', NULL),
(10, 'Chevrolet', 'MLA3185', '2020-05-21', NULL),
(11, 'Chrysler', 'MLA4357', '2020-05-21', NULL),
(12, 'Citroën', 'MLA5779', '2020-05-21', NULL),
(13, 'Dacia', 'MLA411740', '2020-05-21', NULL),
(14, 'Daewoo', 'MLA5680', '2020-05-21', NULL),
(15, 'Daihatsu', 'MLA6619', '2020-05-21', NULL),
(16, 'DFSK', 'MLA412008', '2020-05-21', NULL),
(17, 'Dodge', 'MLA6671', '2020-05-21', NULL),
(18, 'DS', 'MLA411856', '2020-05-21', NULL),
(19, 'Ferrari', 'MLA97714', '2020-05-21', NULL),
(20, 'Fiat', 'MLA3174', '2020-05-21', NULL),
(21, 'Ford', 'MLA3180', '2020-05-21', NULL),
(22, 'Foton', 'MLA410982', '2020-05-21', NULL),
(23, 'Geely', 'MLA406048', '2020-05-21', NULL),
(24, 'Great Wall', 'MLA413791', '2020-05-21', NULL),
(25, 'Haval', 'MLA413792', '2020-05-21', NULL),
(26, 'Honda', 'MLA5791', '2020-05-21', NULL),
(27, 'Hummer', 'MLA8509', '2020-05-21', NULL),
(28, 'Hyundai', 'MLA5683', '2020-05-21', NULL),
(29, 'Isuzu', 'MLA6599', '2020-05-21', NULL),
(30, 'Iveco', 'MLA412827', '2020-05-21', NULL),
(31, 'JAC', 'MLA417839', '2020-05-21', NULL),
(32, 'Jaguar', 'MLA83415', '2020-05-21', NULL),
(33, 'Jeep', 'MLA6600', '2020-05-21', NULL),
(34, 'Kia', 'MLA7079', '2020-05-21', NULL),
(35, 'Lada', 'MLA7219', '2020-05-21', NULL),
(36, 'Land Rover', 'MLA8125', '2020-05-21', NULL),
(37, 'Lexus', 'MLA412093', '2020-05-21', NULL),
(38, 'Lifan', 'MLA389337', '2020-05-21', NULL),
(39, 'Maserati', 'MLA407429', '2020-05-21', NULL),
(40, 'Mazda', 'MLA5681', '2020-05-21', NULL),
(41, 'Mercedes Benz', 'MLA6038', '2020-05-21', NULL),
(42, 'Mini', 'MLA8480', '2020-05-21', NULL),
(43, 'Mitsubishi', 'MLA5743', '2020-05-21', NULL),
(44, 'Nissan', 'MLA6173', '2020-05-21', NULL),
(45, 'Peugeot', 'MLA4100', '2020-05-21', NULL),
(46, 'Porsche', 'MLA8503', '2020-05-21', NULL),
(47, 'Proton', 'MLA411743', '2020-05-21', NULL),
(48, 'Ram', 'MLA99993', '2020-05-21', NULL),
(49, 'Renault', 'MLA3205', '2020-05-21', NULL),
(50, 'Rover', 'MLA6041', '2020-05-21', NULL),
(51, 'Saab', 'MLA411512', '2020-05-21', NULL),
(52, 'Seat', 'MLA6109', '2020-05-21', NULL),
(53, 'Sero Electric', 'MLA440813', '2020-05-21', NULL),
(54, 'Shineray', 'MLA413532', '2020-05-21', NULL),
(55, 'Smart', 'MLA106929', '2020-05-21', NULL),
(56, 'Ssangyong', 'MLA11927', '2020-05-21', NULL),
(57, 'Subaru', 'MLA7078', '2020-05-21', NULL),
(58, 'Suzuki', 'MLA6583', '2020-05-21', NULL),
(59, 'Tata', 'MLA11807', '2020-05-21', NULL),
(60, 'Toyota', 'MLA5753', '2020-05-21', NULL),
(61, 'Volkswagen', 'MLA3196', '2020-05-21', NULL),
(62, 'Volt Motors', 'MLA440812', '2020-05-21', NULL),
(63, 'Volvo', 'MLA7080', '2020-05-21', NULL),
(64, 'Zanella', 'MLA417354', '2020-05-21', NULL),
(65, 'Otras Marcas', 'MLA1939', '2020-05-21', NULL);

-- --------------------------------------------------------

--
-- Estructura de tabla para la tabla `modelo_auto`
--

CREATE TABLE `modelo_auto` (
  `id` int(11) NOT NULL,
  `marca_auto_id` int(11) NOT NULL,
  `name` varchar(255) COLLATE utf8mb4_unicode_ci NOT NULL,
  `mla_id` varchar(255) COLLATE utf8mb4_unicode_ci NOT NULL,
  `fecha_alta` date NOT NULL,
  `fecha_baja` date DEFAULT NULL
) ENGINE=InnoDB DEFAULT CHARSET=utf8mb4 COLLATE=utf8mb4_unicode_ci;

--
-- Volcado de datos para la tabla `modelo_auto`
--

INSERT INTO `modelo_auto` (`id`, `marca_auto_id`, `name`, `mla_id`, `fecha_alta`, `fecha_baja`) VALUES
(1, 1, '145', 'MLA29570', '2020-05-26', NULL),
(2, 1, '146', 'MLA29543', '2020-05-26', NULL),
(3, 1, '147', 'MLA30842', '2020-05-26', NULL),
(4, 1, '155', 'MLA29577', '2020-05-26', NULL),
(5, 1, '156', 'MLA29639', '2020-05-26', NULL),
(6, 1, '156 Sportwagon', 'MLA72031', '2020-05-26', NULL),
(7, 1, '159', 'MLA29569', '2020-05-26', NULL),
(8, 1, '164', 'MLA29522', '2020-05-26', NULL),
(9, 1, '166', 'MLA29578', '2020-05-26', NULL),
(10, 1, '33', 'MLA412523', '2020-05-26', NULL),
(11, 1, 'Brera', 'MLA30845', '2020-05-26', NULL),
(12, 1, 'Giulia', 'MLA443919', '2020-05-26', NULL),
(13, 1, 'Giulietta', 'MLA91017', '2020-05-26', NULL),
(14, 1, 'GT', 'MLA30844', '2020-05-26', NULL),
(15, 1, 'GTV', 'MLA412524', '2020-05-26', NULL),
(16, 1, 'Mito', 'MLA51487', '2020-05-26', NULL),
(17, 1, 'Spider', 'MLA32343', '2020-05-26', NULL),
(18, 1, 'Zagato', 'MLA411501', '2020-05-26', NULL),
(19, 1, 'Otros Modelos', 'MLA29627', '2020-05-26', NULL),
(20, 2, '10', 'MLA411733', '2020-05-26', NULL),
(21, 2, '243', 'MLA411738', '2020-05-26', NULL),
(22, 2, '244', 'MLA411735', '2020-05-26', NULL),
(23, 2, '246', 'MLA411734', '2020-05-26', NULL),
(24, 2, '320', 'MLA412525', '2020-05-26', NULL),
(25, 2, '324', 'MLA411737', '2020-05-26', NULL),
(26, 2, 'Spartana', 'MLA411736', '2020-05-26', NULL),
(27, 2, 'Otros Modelos', 'MLA411739', '2020-05-26', NULL),
(28, 3, 'Rocsta', 'MLA411491', '2020-05-26', NULL),
(29, 3, 'Topic', 'MLA65472', '2020-05-26', NULL),
(30, 3, 'Towner', 'MLA36235', '2020-05-26', NULL),
(31, 3, 'Otros Modelos', 'MLA99981', '2020-05-26', NULL),
(32, 4, 'Vantage', 'MLA420507', '2020-05-26', NULL),
(33, 5, '80 Limousine', 'MLA411502', '2020-05-26', NULL),
(34, 5, 'A1', 'MLA91018', '2020-05-26', NULL),
(35, 5, 'A1 Sportback', 'MLA443323', '2020-05-26', NULL),
(36, 5, 'A3', 'MLA27485', '2020-05-26', NULL),
(37, 5, 'A4', 'MLA27452', '2020-05-26', NULL),
(38, 5, 'A4 Allroad', 'MLA411490', '2020-05-26', NULL),
(39, 5, 'A4 Avant', 'MLA412479', '2020-05-26', NULL),
(40, 5, 'A5', 'MLA50403', '2020-05-26', NULL),
(41, 5, 'A6', 'MLA27289', '2020-05-26', NULL),
(42, 5, 'A6 Avant', 'MLA412480', '2020-05-26', NULL),
(43, 5, 'A7', 'MLA117211', '2020-05-26', NULL),
(44, 5, 'A8', 'MLA50401', '2020-05-26', NULL),
(45, 5, 'Allroad', 'MLA29624', '2020-05-26', NULL),
(46, 5, 'Cabrio', 'MLA51488', '2020-05-26', NULL),
(47, 5, 'Q2', 'MLA410856', '2020-05-26', NULL),
(48, 5, 'Q3', 'MLA117212', '2020-05-26', NULL),
(49, 5, 'Q5', 'MLA75127', '2020-05-26', NULL),
(50, 5, 'Q7', 'MLA99979', '2020-05-26', NULL),
(51, 5, 'R8', 'MLA51467', '2020-05-26', NULL),
(52, 5, 'R8 Coupé', 'MLA412481', '2020-05-26', NULL),
(53, 5, 'R8 Spyder', 'MLA412482', '2020-05-26', NULL),
(54, 5, 'RS3', 'MLA412483', '2020-05-26', NULL),
(55, 5, 'RS4', 'MLA36210', '2020-05-26', NULL),
(56, 5, 'RS5', 'MLA361676', '2020-05-26', NULL),
(57, 5, 'RS6', 'MLA47650', '2020-05-26', NULL),
(58, 5, 'RS6 Avant', 'MLA412484', '2020-05-26', NULL),
(59, 5, 'RS7 Sportback', 'MLA412485', '2020-05-26', NULL),
(60, 5, 'S3', 'MLA27486', '2020-05-26', NULL),
(61, 5, 'S4', 'MLA27494', '2020-05-26', NULL),
(62, 5, 'S5', 'MLA83420', '2020-05-26', NULL),
(63, 5, 'S5 Coupe', 'MLA411503', '2020-05-26', NULL),
(64, 5, 'S6', 'MLA36184', '2020-05-26', NULL),
(65, 5, 'S7', 'MLA412486', '2020-05-26', NULL),
(66, 5, 'S8', 'MLA43560', '2020-05-26', NULL),
(67, 5, 'SQ5', 'MLA412487', '2020-05-26', NULL),
(68, 5, 'TT', 'MLA27495', '2020-05-26', NULL),
(69, 5, 'TT RS', 'MLA433115', '2020-05-26', NULL),
(70, 5, 'TT RS Coupe', 'MLA433159', '2020-05-26', NULL),
(71, 5, 'TTS', 'MLA417330', '2020-05-26', NULL),
(72, 5, 'Otros Modelos', 'MLA27480', '2020-05-26', NULL),
(73, 6, 'X25', 'MLA410984', '2020-05-26', NULL),
(74, 6, 'X35', 'MLA410983', '2020-05-26', NULL),
(75, 6, 'X55', 'MLA410988', '2020-05-26', NULL),
(76, 6, 'X65', 'MLA442798', '2020-05-26', NULL),
(77, 6, 'Otros Modelos', 'MLA410985', '2020-05-26', NULL),
(78, 7, 'Serie 1', 'MLA24202', '2020-05-26', NULL),
(79, 7, 'Serie 2', 'MLA372451', '2020-05-26', NULL),
(80, 7, 'Serie 3', 'MLA24317', '2020-05-26', NULL),
(81, 7, 'Serie 4', 'MLA377253', '2020-05-26', NULL),
(82, 7, 'Serie 5', 'MLA24329', '2020-05-26', NULL),
(83, 7, 'Serie 6', 'MLA29517', '2020-05-26', NULL),
(84, 7, 'Serie 7', 'MLA27290', '2020-05-26', NULL),
(85, 7, 'Serie 8', 'MLA27291', '2020-05-26', NULL),
(86, 7, 'Serie M', 'MLA412526', '2020-05-26', NULL),
(87, 7, 'X1', 'MLA75129', '2020-05-26', NULL),
(88, 7, 'X2', 'MLA440811', '2020-05-26', NULL),
(89, 7, 'X3', 'MLA24208', '2020-05-26', NULL),
(90, 7, 'X4', 'MLA381992', '2020-05-26', NULL),
(91, 7, 'X5', 'MLA24356', '2020-05-26', NULL),
(92, 7, 'X6', 'MLA96405', '2020-05-26', NULL),
(93, 7, 'Z3', 'MLA27318', '2020-05-26', NULL),
(94, 7, 'Z4', 'MLA24209', '2020-05-26', NULL),
(95, 7, 'Z4 Coupé', 'MLA412527', '2020-05-26', NULL),
(96, 7, 'Z8', 'MLA36171', '2020-05-26', NULL),
(97, 7, 'Otros Modelos', 'MLA24279', '2020-05-26', NULL),
(98, 8, 'Box MD 201', 'MLA435251', '2020-05-26', NULL),
(99, 8, 'Cargo Van M 201', 'MLA435252', '2020-05-26', NULL),
(100, 8, 'CS 15', 'MLA422398', '2020-05-26', NULL),
(101, 8, 'CS 75', 'MLA422399', '2020-05-26', NULL),
(102, 8, 'Pick-Up MD 201', 'MLA435253', '2020-05-26', NULL),
(103, 9, 'Arrizo 5', 'MLA414968', '2020-05-26', NULL),
(104, 9, 'Face', 'MLA86835', '2020-05-26', NULL),
(105, 9, 'Fulwin', 'MLA127678', '2020-05-26', NULL),
(106, 9, 'QQ', 'MLA412528', '2020-05-26', NULL),
(107, 9, 'Skin', 'MLA118467', '2020-05-26', NULL),
(108, 9, 'Tiggo', 'MLA65200', '2020-05-26', NULL),
(109, 9, 'Tiggo 2', 'MLA439956', '2020-05-26', NULL),
(110, 9, 'Tiggo 3', 'MLA411750', '2020-05-26', NULL),
(111, 9, 'Tiggo 5', 'MLA411751', '2020-05-26', NULL),
(112, 9, 'Otros Modelos', 'MLA42430', '2020-05-26', NULL),
(113, 10, 'Agile', 'MLA76252', '2020-05-26', NULL),
(114, 10, 'Astra', 'MLA3186', '2020-05-26', NULL),
(115, 10, 'Astro', 'MLA32468', '2020-05-26', NULL),
(116, 10, 'Avalanche', 'MLA65217', '2020-05-26', NULL),
(117, 10, 'Aveo', 'MLA32563', '2020-05-26', NULL),
(118, 10, 'Aveo G3', 'MLA117203', '2020-05-26', NULL),
(119, 10, 'Beretta', 'MLA51566', '2020-05-26', NULL),
(120, 10, 'Blazer', 'MLA3189', '2020-05-26', NULL),
(121, 10, 'C-10', 'MLA412603', '2020-05-26', NULL),
(122, 10, 'C-20', 'MLA412604', '2020-05-26', NULL),
(123, 10, 'Camaro', 'MLA32550', '2020-05-26', NULL),
(124, 10, 'Captiva', 'MLA32553', '2020-05-26', NULL),
(125, 10, 'Cavalier', 'MLA32496', '2020-05-26', NULL),
(126, 10, 'Celta', 'MLA35951', '2020-05-26', NULL),
(127, 10, 'Chevy Van', 'MLA38427', '2020-05-26', NULL),
(128, 10, 'Cheyenne', 'MLA34042', '2020-05-26', NULL),
(129, 10, 'Classic', 'MLA82088', '2020-05-26', NULL),
(130, 10, 'Cobalt', 'MLA117188', '2020-05-26', NULL),
(131, 10, 'Combo', 'MLA32564', '2020-05-26', NULL),
(132, 10, 'Corsa Classic', 'MLA29524', '2020-05-26', NULL),
(133, 10, 'Corsa Classic SW', 'MLA56650', '2020-05-26', NULL),
(134, 10, 'Corsa II', 'MLA3188', '2020-05-26', NULL),
(135, 10, 'Corsa Pick-Up', 'MLA62788', '2020-05-26', NULL),
(136, 10, 'Corvette', 'MLA29537', '2020-05-26', NULL),
(137, 10, 'Cruze', 'MLA95296', '2020-05-26', NULL),
(138, 10, 'Cruze II', 'MLA404045', '2020-05-26', NULL),
(139, 10, 'D-20', 'MLA36097', '2020-05-26', NULL),
(140, 10, 'Equinox', 'MLA431388', '2020-05-26', NULL),
(141, 10, 'Grand Blazer', 'MLA65378', '2020-05-26', NULL),
(142, 10, 'Grand Vitara', 'MLA65208', '2020-05-26', NULL),
(143, 10, 'Ipanema', 'MLA29549', '2020-05-26', NULL),
(144, 10, 'Jimmy', 'MLA62705', '2020-05-26', NULL),
(145, 10, 'Kadett', 'MLA3190', '2020-05-26', NULL),
(146, 10, 'Lumina', 'MLA29655', '2020-05-26', NULL),
(147, 10, 'Luv', 'MLA65223', '2020-05-26', NULL),
(148, 10, 'Malibú', 'MLA34016', '2020-05-26', NULL),
(149, 10, 'Meriva', 'MLA29634', '2020-05-26', NULL),
(150, 10, 'Montana', 'MLA117199', '2020-05-26', NULL),
(151, 10, 'Monza', 'MLA3191', '2020-05-26', NULL),
(152, 10, 'Omega', 'MLA3192', '2020-05-26', NULL),
(153, 10, 'Onix', 'MLA117201', '2020-05-26', NULL),
(154, 10, 'Prisma', 'MLA117198', '2020-05-26', NULL),
(155, 10, 'S10', 'MLA62790', '2020-05-26', NULL),
(156, 10, 'Silverado', 'MLA62791', '2020-05-26', NULL),
(157, 10, 'Sonic', 'MLA108785', '2020-05-26', NULL),
(158, 10, 'Spark', 'MLA32473', '2020-05-26', NULL),
(159, 10, 'Spin', 'MLA117187', '2020-05-26', NULL),
(160, 10, 'Suburban', 'MLA38436', '2020-05-26', NULL),
(161, 10, 'Tahoe', 'MLA32474', '2020-05-26', NULL),
(162, 10, 'Tigra', 'MLA36055', '2020-05-26', NULL),
(163, 10, 'Tracker', 'MLA117202', '2020-05-26', NULL),
(164, 10, 'Trailblazer', 'MLA117200', '2020-05-26', NULL),
(165, 10, 'Trooper', 'MLA32556', '2020-05-26', NULL),
(166, 10, 'Vectra', 'MLA29587', '2020-05-26', NULL),
(167, 10, 'Venture', 'MLA32338', '2020-05-26', NULL),
(168, 10, 'Zafira', 'MLA29656', '2020-05-26', NULL),
(169, 10, 'Otros Modelos', 'MLA29647', '2020-05-26', NULL),
(170, 11, '300 C', 'MLA51554', '2020-05-26', NULL),
(171, 11, '300 M', 'MLA32570', '2020-05-26', NULL),
(172, 11, 'Caravan', 'MLA99982', '2020-05-26', NULL),
(173, 11, 'Cirrus', 'MLA51555', '2020-05-26', NULL),
(174, 11, 'Concorde', 'MLA51567', '2020-05-26', NULL),
(175, 11, 'Crossfire', 'MLA32571', '2020-05-26', NULL),
(176, 11, 'Grand Caravan', 'MLA99987', '2020-05-26', NULL),
(177, 11, 'Intrepid', 'MLA27336', '2020-05-26', NULL),
(178, 11, 'Neon', 'MLA27476', '2020-05-26', NULL),
(179, 11, 'PT Cruiser', 'MLA29521', '2020-05-26', NULL),
(180, 11, 'Sebring', 'MLA29508', '2020-05-26', NULL),
(181, 11, 'Stratus', 'MLA27507', '2020-05-26', NULL),
(182, 11, 'Talon', 'MLA41136', '2020-05-26', NULL),
(183, 11, 'Town & Country', 'MLA55073', '2020-05-26', NULL),
(184, 11, 'Viper', 'MLA51568', '2020-05-26', NULL),
(185, 11, 'Voyager', 'MLA99988', '2020-05-26', NULL),
(186, 11, 'Otros Modelos', 'MLA27337', '2020-05-26', NULL),
(187, 12, 'AX', 'MLA119051', '2020-05-26', NULL),
(188, 12, 'Berlingo', 'MLA62805', '2020-05-26', NULL),
(189, 12, 'C-Elysée', 'MLA406049', '2020-05-26', NULL),
(190, 12, 'C15', 'MLA99989', '2020-05-26', NULL),
(191, 12, 'C3', 'MLA24349', '2020-05-26', NULL),
(192, 12, 'C3 Aircross', 'MLA412606', '2020-05-26', NULL),
(193, 12, 'C3 Picasso', 'MLA117210', '2020-05-26', NULL),
(194, 12, 'C4', 'MLA29589', '2020-05-26', NULL),
(195, 12, 'C4 Aircross', 'MLA377324', '2020-05-26', NULL),
(196, 12, 'C4 Cactus', 'MLA411764', '2020-05-26', NULL),
(197, 12, 'C4 Lounge', 'MLA321208', '2020-05-26', NULL),
(198, 12, 'C4 Picasso', 'MLA373390', '2020-05-26', NULL),
(199, 12, 'C4 Spacetourer', 'MLA417746', '2020-05-26', NULL),
(200, 12, 'C5', 'MLA24285', '2020-05-26', NULL),
(201, 12, 'C6', 'MLA43553', '2020-05-26', NULL),
(202, 12, 'DS3', 'MLA99251', '2020-05-26', NULL),
(203, 12, 'DS4', 'MLA109267', '2020-05-26', NULL),
(204, 12, 'Grand C4 Picasso', 'MLA412608', '2020-05-26', NULL),
(205, 12, 'Grand C4 Spacetourer', 'MLA417747', '2020-05-26', NULL),
(206, 12, 'Grand Picasso', 'MLA413753', '2020-05-26', NULL),
(207, 12, 'Jumper', 'MLA24286', '2020-05-26', NULL),
(208, 12, 'Jumpy', 'MLA411824', '2020-05-26', NULL),
(209, 12, 'Saxo', 'MLA24225', '2020-05-26', NULL),
(210, 12, 'Spacetourer', 'MLA412082', '2020-05-26', NULL),
(211, 12, 'Xantia', 'MLA24226', '2020-05-26', NULL),
(212, 12, 'Xsara', 'MLA24259', '2020-05-26', NULL),
(213, 12, 'Xsara Picasso', 'MLA29500', '2020-05-26', NULL),
(214, 12, 'ZX', 'MLA24325', '2020-05-26', NULL),
(215, 12, 'Otros Modelos', 'MLA24318', '2020-05-26', NULL),
(216, 13, 'Break', 'MLA411741', '2020-05-26', NULL),
(217, 13, 'Otros Modelos', 'MLA411742', '2020-05-26', NULL),
(218, 14, 'Cielo', 'MLA29539', '2020-05-26', NULL),
(219, 14, 'Damas', 'MLA65351', '2020-05-26', NULL),
(220, 14, 'Damas Coach', 'MLA411509', '2020-05-26', NULL),
(221, 14, 'Espero', 'MLA29617', '2020-05-26', NULL),
(222, 14, 'Korando', 'MLA99983', '2020-05-26', NULL),
(223, 14, 'Labo', 'MLA65501', '2020-05-26', NULL),
(224, 14, 'Lanos', 'MLA29586', '2020-05-26', NULL),
(225, 14, 'Leganza', 'MLA34030', '2020-05-26', NULL),
(226, 14, 'Matiz', 'MLA29619', '2020-05-26', NULL),
(227, 14, 'Musso', 'MLA412531', '2020-05-26', NULL),
(228, 14, 'Nubira', 'MLA29620', '2020-05-26', NULL),
(229, 14, 'Prince', 'MLA34076', '2020-05-26', NULL),
(230, 14, 'Racer', 'MLA29621', '2020-05-26', NULL),
(231, 14, 'Tacuma', 'MLA29501', '2020-05-26', NULL),
(232, 14, 'Tico', 'MLA29591', '2020-05-26', NULL),
(233, 14, 'Otros Modelos', 'MLA29616', '2020-05-26', NULL),
(234, 15, 'Applause', 'MLA24313', '2020-05-26', NULL),
(235, 15, 'Charade', 'MLA24335', '2020-05-26', NULL),
(236, 15, 'Cuore', 'MLA24314', '2020-05-26', NULL),
(237, 15, 'Feroza', 'MLA62798', '2020-05-26', NULL),
(238, 15, 'Hijet', 'MLA99985', '2020-05-26', NULL),
(239, 15, 'Mira', 'MLA29468', '2020-05-26', NULL),
(240, 15, 'Move', 'MLA51686', '2020-05-26', NULL),
(241, 15, 'Porter', 'MLA99984', '2020-05-26', NULL),
(242, 15, 'Rocky', 'MLA32357', '2020-05-26', NULL),
(243, 15, 'Sirion', 'MLA24260', '2020-05-26', NULL),
(244, 15, 'Terios', 'MLA24350', '2020-05-26', NULL),
(245, 15, 'Wide', 'MLA99986', '2020-05-26', NULL),
(246, 15, 'Otros Modelos', 'MLA24319', '2020-05-26', NULL),
(247, 16, 'C31', 'MLA412079', '2020-05-26', NULL),
(248, 16, 'C32', 'MLA412013', '2020-05-26', NULL),
(249, 16, 'C35', 'MLA412080', '2020-05-26', NULL),
(250, 16, 'K01h', 'MLA412081', '2020-05-26', NULL),
(251, 16, 'Otros Modelos', 'MLA412012', '2020-05-26', NULL),
(252, 17, 'Caravan', 'MLA32374', '2020-05-26', NULL),
(253, 17, 'Dakota', 'MLA65354', '2020-05-26', NULL),
(254, 17, 'Intrepid', 'MLA50427', '2020-05-26', NULL),
(255, 17, 'Journey', 'MLA71502', '2020-05-26', NULL),
(256, 17, 'Ram', 'MLA412478', '2020-05-26', NULL),
(257, 17, 'Spirit', 'MLA51583', '2020-05-26', NULL),
(258, 17, 'Viper', 'MLA51569', '2020-05-26', NULL),
(259, 17, 'Otros Modelos', 'MLA29594', '2020-05-26', NULL),
(260, 18, 'DS3', 'MLA411936', '2020-05-26', NULL),
(261, 18, 'DS4', 'MLA411937', '2020-05-26', NULL),
(262, 18, 'DS7', 'MLA417351', '2020-05-26', NULL),
(263, 18, 'Otros Modelos', 'MLA411857', '2020-05-26', NULL),
(264, 19, '308', 'MLA118473', '2020-05-26', NULL),
(265, 19, '355', 'MLA412593', '2020-05-26', NULL),
(266, 19, '360', 'MLA412594', '2020-05-26', NULL),
(267, 19, '430', 'MLA412595', '2020-05-26', NULL),
(268, 19, '430 Scuderia', 'MLA411499', '2020-05-26', NULL),
(269, 19, '430 Spider', 'MLA411515', '2020-05-26', NULL),
(270, 19, '456', 'MLA412596', '2020-05-26', NULL),
(271, 19, '458', 'MLA412590', '2020-05-26', NULL),
(272, 19, '458 Italia', 'MLA412591', '2020-05-26', NULL),
(273, 19, '458 Spider', 'MLA412592', '2020-05-26', NULL),
(274, 19, '488', 'MLA407432', '2020-05-26', NULL),
(275, 19, '550', 'MLA412597', '2020-05-26', NULL),
(276, 19, '599', 'MLA412598', '2020-05-26', NULL),
(277, 19, '612', 'MLA412599', '2020-05-26', NULL),
(278, 19, 'California', 'MLA118468', '2020-05-26', NULL),
(279, 19, 'F12', 'MLA407430', '2020-05-26', NULL),
(280, 19, 'GTC4', 'MLA407431', '2020-05-26', NULL),
(281, 19, 'Superamerica', 'MLA411511', '2020-05-26', NULL),
(282, 19, 'Otros Modelos', 'MLA97715', '2020-05-26', NULL),
(283, 20, '147', 'MLA24234', '2020-05-26', NULL),
(284, 20, '500', 'MLA52896', '2020-05-26', NULL),
(285, 20, 'Argo', 'MLA411765', '2020-05-26', NULL),
(286, 20, 'Barchetta', 'MLA51483', '2020-05-26', NULL),
(287, 20, 'Brava', 'MLA29596', '2020-05-26', NULL),
(288, 20, 'Bravo', 'MLA24315', '2020-05-26', NULL),
(289, 20, 'Brio', 'MLA29642', '2020-05-26', NULL),
(290, 20, 'Cinquecento', 'MLA411500', '2020-05-26', NULL),
(291, 20, 'Cronos', 'MLA412083', '2020-05-26', NULL),
(292, 20, 'Dobló', 'MLA117193', '2020-05-26', NULL),
(293, 20, 'Dobló Cargo', 'MLA117194', '2020-05-26', NULL),
(294, 20, 'Ducato', 'MLA62709', '2020-05-26', NULL),
(295, 20, 'Duna', 'MLA24228', '2020-05-26', NULL),
(296, 20, 'Fiorino', 'MLA62710', '2020-05-26', NULL),
(297, 20, 'Grand Siena', 'MLA117192', '2020-05-26', NULL),
(298, 20, 'Idea', 'MLA29597', '2020-05-26', NULL),
(299, 20, 'Linea', 'MLA53016', '2020-05-26', NULL),
(300, 20, 'Marea', 'MLA24230', '2020-05-26', NULL),
(301, 20, 'Marea Weekend', 'MLA412488', '2020-05-26', NULL),
(302, 20, 'Mobi', 'MLA407544', '2020-05-26', NULL),
(303, 20, 'Multipla', 'MLA411535', '2020-05-26', NULL),
(304, 20, 'Palio', 'MLA24231', '2020-05-26', NULL),
(305, 20, 'Palio Weekend', 'MLA43531', '2020-05-26', NULL),
(306, 20, 'Punto', 'MLA30846', '2020-05-26', NULL),
(307, 20, 'Qubo', 'MLA352817', '2020-05-26', NULL),
(308, 20, 'Regata', 'MLA24326', '2020-05-26', NULL),
(309, 20, 'Siena', 'MLA24320', '2020-05-26', NULL),
(310, 20, 'Spazio', 'MLA24321', '2020-05-26', NULL),
(311, 20, 'Stilo', 'MLA29598', '2020-05-26', NULL),
(312, 20, 'Strada', 'MLA62711', '2020-05-26', NULL),
(313, 20, 'Strada Adventure', 'MLA412489', '2020-05-26', NULL),
(314, 20, 'Tempra', 'MLA24232', '2020-05-26', NULL),
(315, 20, 'Tipo', 'MLA24334', '2020-05-26', NULL),
(316, 20, 'Toro', 'MLA404046', '2020-05-26', NULL),
(317, 20, 'Uno', 'MLA24322', '2020-05-26', NULL),
(318, 20, 'Vivace', 'MLA29644', '2020-05-26', NULL),
(319, 20, 'Otros Modelos', 'MLA24236', '2020-05-26', NULL),
(320, 21, 'Aerostar', 'MLA27338', '2020-05-26', NULL),
(321, 21, 'Bronco', 'MLA65365', '2020-05-26', NULL),
(322, 21, 'Courier', 'MLA62806', '2020-05-26', NULL),
(323, 21, 'Econoline', 'MLA27359', '2020-05-26', NULL),
(324, 21, 'Ecosport', 'MLA24272', '2020-05-26', NULL),
(325, 21, 'Escape', 'MLA65315', '2020-05-26', NULL),
(326, 21, 'Escort', 'MLA24237', '2020-05-26', NULL),
(327, 21, 'Expedition', 'MLA65213', '2020-05-26', NULL),
(328, 21, 'Explorer', 'MLA6622', '2020-05-26', NULL),
(329, 21, 'F-100', 'MLA24298', '2020-05-26', NULL),
(330, 21, 'F-150', 'MLA62732', '2020-05-26', NULL),
(331, 21, 'F-250', 'MLA62759', '2020-05-26', NULL),
(332, 21, 'F-350', 'MLA32576', '2020-05-26', NULL),
(333, 21, 'F-400', 'MLA99992', '2020-05-26', NULL),
(334, 21, 'Fiesta', 'MLA24287', '2020-05-26', NULL),
(335, 21, 'Fiesta Kinetic Design', 'MLA90998', '2020-05-26', NULL),
(336, 21, 'Fiesta Max', 'MLA29544', '2020-05-26', NULL),
(337, 21, 'Focus', 'MLA24288', '2020-05-26', NULL),
(338, 21, 'Focus II', 'MLA72037', '2020-05-26', NULL),
(339, 21, 'Focus III', 'MLA121413', '2020-05-26', NULL),
(340, 21, 'Galaxy', 'MLA24273', '2020-05-26', NULL),
(341, 21, 'Galaxy Van', 'MLA411524', '2020-05-26', NULL),
(342, 21, 'Ka', 'MLA24351', '2020-05-26', NULL),
(343, 21, 'Kuga', 'MLA75015', '2020-05-26', NULL),
(344, 21, 'Mondeo', 'MLA24239', '2020-05-26', NULL),
(345, 21, 'Mustang', 'MLA27343', '2020-05-26', NULL),
(346, 21, 'Orion', 'MLA412490', '2020-05-26', NULL),
(347, 21, 'Probe', 'MLA27483', '2020-05-26', NULL),
(348, 21, 'Puma', 'MLA51508', '2020-05-26', NULL),
(349, 21, 'Ranger', 'MLA6625', '2020-05-26', NULL),
(350, 21, 'S-Max', 'MLA51577', '2020-05-26', NULL),
(351, 21, 'Sierra', 'MLA24240', '2020-05-26', NULL),
(352, 21, 'Taunus', 'MLA24291', '2020-05-26', NULL),
(353, 21, 'Taurus', 'MLA24241', '2020-05-26', NULL),
(354, 21, 'Tempo', 'MLA29638', '2020-05-26', NULL),
(355, 21, 'Transit', 'MLA76389', '2020-05-26', NULL),
(356, 21, 'Van', 'MLA99998', '2020-05-26', NULL),
(357, 21, 'Windstar', 'MLA27442', '2020-05-26', NULL),
(358, 21, 'Otros Modelos', 'MLA24299', '2020-05-26', NULL),
(359, 22, 'BJ', 'MLA411525', '2020-05-26', NULL),
(360, 22, 'Tunland', 'MLA410986', '2020-05-26', NULL),
(361, 22, 'Otros Modelos', 'MLA410987', '2020-05-26', NULL),
(362, 23, '515', 'MLA406051', '2020-05-26', NULL),
(363, 23, 'Emgrand', 'MLA406052', '2020-05-26', NULL),
(364, 23, 'LC', 'MLA406053', '2020-05-26', NULL),
(365, 23, 'Otros Modelos', 'MLA406054', '2020-05-26', NULL),
(366, 24, 'Otros Modelos', 'MLA413798', '2020-05-26', NULL),
(367, 24, 'Wingle 5', 'MLA413793', '2020-05-26', NULL),
(368, 24, 'Wingle 6', 'MLA413794', '2020-05-26', NULL),
(369, 25, 'H1', 'MLA413795', '2020-05-26', NULL),
(370, 25, 'H2', 'MLA413796', '2020-05-26', NULL),
(371, 25, 'H6', 'MLA413797', '2020-05-26', NULL),
(372, 25, 'Otros Modelos', 'MLA413799', '2020-05-26', NULL),
(373, 26, 'Accord', 'MLA29629', '2020-05-26', NULL),
(374, 26, 'Acura', 'MLA29529', '2020-05-26', NULL),
(375, 26, 'City', 'MLA76251', '2020-05-26', NULL),
(376, 26, 'Civic', 'MLA29469', '2020-05-26', NULL),
(377, 26, 'CR-V', 'MLA36268', '2020-05-26', NULL),
(378, 26, 'CRX', 'MLA51794', '2020-05-26', NULL),
(379, 26, 'Fit', 'MLA29511', '2020-05-26', NULL),
(380, 26, 'HR-V', 'MLA99995', '2020-05-26', NULL),
(381, 26, 'Integra', 'MLA51470', '2020-05-26', NULL),
(382, 26, 'Legend', 'MLA51510', '2020-05-26', NULL),
(383, 26, 'NSX', 'MLA51585', '2020-05-26', NULL),
(384, 26, 'Odyssey', 'MLA36219', '2020-05-26', NULL),
(385, 26, 'Passport', 'MLA62760', '2020-05-26', NULL),
(386, 26, 'Pilot', 'MLA99996', '2020-05-26', NULL),
(387, 26, 'Prelude', 'MLA29630', '2020-05-26', NULL),
(388, 26, 'S2000', 'MLA51496', '2020-05-26', NULL),
(389, 26, 'Stream', 'MLA100002', '2020-05-26', NULL),
(390, 26, 'WR-V', 'MLA433114', '2020-05-26', NULL),
(391, 26, 'Otros Modelos', 'MLA29530', '2020-05-26', NULL),
(392, 27, 'H1', 'MLA65442', '2020-05-26', NULL),
(393, 27, 'H2', 'MLA62802', '2020-05-26', NULL),
(394, 27, 'H3', 'MLA119053', '2020-05-26', NULL),
(395, 27, 'Otros Modelos', 'MLA27445', '2020-05-26', NULL),
(396, 28, 'Accent', 'MLA29531', '2020-05-26', NULL),
(397, 28, 'Atos', 'MLA29660', '2020-05-26', NULL),
(398, 28, 'Coupe', 'MLA38426', '2020-05-26', NULL),
(399, 28, 'Creta', 'MLA404043', '2020-05-26', NULL),
(400, 28, 'Elantra', 'MLA29564', '2020-05-26', NULL),
(401, 28, 'Excel', 'MLA29661', '2020-05-26', NULL),
(402, 28, 'Galloper', 'MLA62807', '2020-05-26', NULL),
(403, 28, 'Genesis', 'MLA412600', '2020-05-26', NULL),
(404, 28, 'Getz', 'MLA34109', '2020-05-26', NULL),
(405, 28, 'Grand i10', 'MLA404042', '2020-05-26', NULL),
(406, 28, 'Grand Santa Fé', 'MLA412601', '2020-05-26', NULL),
(407, 28, 'H1', 'MLA62716', '2020-05-26', NULL),
(408, 28, 'H100', 'MLA62717', '2020-05-26', NULL),
(409, 28, 'I10', 'MLA82106', '2020-05-26', NULL),
(410, 28, 'I30', 'MLA51588', '2020-05-26', NULL),
(411, 28, 'Matrix', 'MLA34093', '2020-05-26', NULL),
(412, 28, 'S-coupe', 'MLA34092', '2020-05-26', NULL),
(413, 28, 'Santa Fe', 'MLA62761', '2020-05-26', NULL),
(414, 28, 'Santamo', 'MLA29488', '2020-05-26', NULL),
(415, 28, 'Sonata', 'MLA29489', '2020-05-26', NULL),
(416, 28, 'Sonata iii', 'MLA411526', '2020-05-26', NULL),
(417, 28, 'Terracan', 'MLA62808', '2020-05-26', NULL),
(418, 28, 'Trajet', 'MLA100003', '2020-05-26', NULL),
(419, 28, 'Tucson', 'MLA62734', '2020-05-26', NULL),
(420, 28, 'Veloster', 'MLA119055', '2020-05-26', NULL),
(421, 28, 'Veracruz', 'MLA62809', '2020-05-26', NULL),
(422, 28, 'Otros Modelos', 'MLA29471', '2020-05-26', NULL),
(423, 29, 'Amigo', 'MLA100004', '2020-05-26', NULL),
(424, 29, 'Axion', 'MLA99997', '2020-05-26', NULL),
(425, 29, 'DMAX', 'MLA436728', '2020-05-26', NULL),
(426, 29, 'LTD', 'MLA100000', '2020-05-26', NULL),
(427, 29, 'Pick-Up', 'MLA100005', '2020-05-26', NULL),
(428, 29, 'Rodeo', 'MLA62706', '2020-05-26', NULL),
(429, 29, 'Space Cab', 'MLA100001', '2020-05-26', NULL),
(430, 29, 'Trooper', 'MLA100006', '2020-05-26', NULL),
(431, 29, 'Vehicross', 'MLA100008', '2020-05-26', NULL),
(432, 29, 'Otros Modelos', 'MLA99999', '2020-05-26', NULL),
(433, 30, 'Daily', 'MLA412828', '2020-05-26', NULL),
(434, 30, 'Otros Modelos', 'MLA412829', '2020-05-26', NULL),
(435, 31, 'S2', 'MLA420145', '2020-05-26', NULL),
(436, 31, 'S3', 'MLA420146', '2020-05-26', NULL),
(437, 31, 'S5', 'MLA420147', '2020-05-26', NULL),
(438, 31, 'S7', 'MLA443826', '2020-05-26', NULL),
(439, 31, 'T6', 'MLA420148', '2020-05-26', NULL),
(440, 31, 'X200', 'MLA420149', '2020-05-26', NULL),
(441, 31, 'Otros Modelos', 'MLA420151', '2020-05-26', NULL),
(442, 32, 'F-PACE', 'MLA412532', '2020-05-26', NULL),
(443, 32, 'F-Type', 'MLA412533', '2020-05-26', NULL),
(444, 32, 'S-Type', 'MLA119057', '2020-05-26', NULL),
(445, 32, 'Sovereign', 'MLA412534', '2020-05-26', NULL),
(446, 32, 'X-Type', 'MLA119056', '2020-05-26', NULL),
(447, 32, 'XE', 'MLA412535', '2020-05-26', NULL),
(448, 32, 'XF', 'MLA83416', '2020-05-26', NULL),
(449, 32, 'XJ', 'MLA412536', '2020-05-26', NULL),
(450, 32, 'XK', 'MLA412537', '2020-05-26', NULL),
(451, 32, 'Otros Modelos', 'MLA84572', '2020-05-26', NULL),
(452, 33, 'Cherokee', 'MLA62810', '2020-05-26', NULL),
(453, 33, 'Compass', 'MLA32388', '2020-05-26', NULL),
(454, 33, 'Grand Cherokee', 'MLA62707', '2020-05-26', NULL),
(455, 33, 'Patriot', 'MLA32389', '2020-05-26', NULL),
(456, 33, 'Renegade', 'MLA404041', '2020-05-26', NULL),
(457, 33, 'Wrangler', 'MLA62811', '2020-05-26', NULL),
(458, 33, 'Otros Modelos', 'MLA100009', '2020-05-26', NULL),
(459, 34, 'Avella', 'MLA51498', '2020-05-26', NULL),
(460, 34, 'Besta', 'MLA62812', '2020-05-26', NULL),
(461, 34, 'Capital', 'MLA29602', '2020-05-26', NULL),
(462, 34, 'Carens', 'MLA29518', '2020-05-26', NULL),
(463, 34, 'Carnival', 'MLA62813', '2020-05-26', NULL),
(464, 34, 'Cerato', 'MLA36983', '2020-05-26', NULL),
(465, 34, 'Ceres', 'MLA411533', '2020-05-26', NULL),
(466, 34, 'Clarus', 'MLA29546', '2020-05-26', NULL),
(467, 34, 'Grand Carnival', 'MLA100010', '2020-05-26', NULL),
(468, 34, 'Grand Sportage', 'MLA100011', '2020-05-26', NULL),
(469, 34, 'K2500', 'MLA411517', '2020-05-26', NULL),
(470, 34, 'K2700', 'MLA412538', '2020-05-26', NULL),
(471, 34, 'K2900', 'MLA411531', '2020-05-26', NULL),
(472, 34, 'Magentis', 'MLA38393', '2020-05-26', NULL),
(473, 34, 'Mohave', 'MLA71400', '2020-05-26', NULL),
(474, 34, 'Opirus', 'MLA29603', '2020-05-26', NULL),
(475, 34, 'Picanto', 'MLA36218', '2020-05-26', NULL),
(476, 34, 'Pregio', 'MLA29604', '2020-05-26', NULL),
(477, 34, 'Pride', 'MLA29551', '2020-05-26', NULL),
(478, 34, 'Rio', 'MLA36959', '2020-05-26', NULL),
(479, 34, 'Rondo', 'MLA57914', '2020-05-26', NULL),
(480, 34, 'Sephia', 'MLA36213', '2020-05-26', NULL),
(481, 34, 'Sephia ii', 'MLA411518', '2020-05-26', NULL),
(482, 34, 'Shuma', 'MLA36138', '2020-05-26', NULL),
(483, 34, 'Sorento', 'MLA29552', '2020-05-26', NULL),
(484, 34, 'Soul', 'MLA75023', '2020-05-26', NULL),
(485, 34, 'Sportage', 'MLA29503', '2020-05-26', NULL),
(486, 34, 'Otros Modelos', 'MLA29605', '2020-05-26', NULL),
(487, 35, 'Afalina', 'MLA51685', '2020-05-26', NULL),
(488, 35, 'Laika', 'MLA29606', '2020-05-26', NULL),
(489, 35, 'Laika 2105', 'MLA411749', '2020-05-26', NULL),
(490, 35, 'Laika 2107', 'MLA411747', '2020-05-26', NULL),
(491, 35, 'Niva', 'MLA100013', '2020-05-26', NULL),
(492, 35, 'Niva 2121', 'MLA411748', '2020-05-26', NULL),
(493, 35, 'Samara', 'MLA24193', '2020-05-26', NULL),
(494, 35, 'Otros Modelos', 'MLA24194', '2020-05-26', NULL),
(495, 36, 'Defender', 'MLA62708', '2020-05-26', NULL),
(496, 36, 'Discovery', 'MLA62750', '2020-05-26', NULL),
(497, 36, 'Discovery Sport', 'MLA431580', '2020-05-26', NULL),
(498, 36, 'Freelander', 'MLA62763', '2020-05-26', NULL),
(499, 36, 'Freelander 2', 'MLA75028', '2020-05-26', NULL),
(500, 36, 'Range Rover', 'MLA62764', '2020-05-26', NULL),
(501, 36, 'Range Rover Evoque', 'MLA407435', '2020-05-26', NULL),
(502, 36, 'Range Rover Sport', 'MLA412539', '2020-05-26', NULL),
(503, 36, 'Range Rover Velar', 'MLA431579', '2020-05-26', NULL),
(504, 36, 'Range Rover Vogue', 'MLA412540', '2020-05-26', NULL),
(505, 36, 'Otros Modelos', 'MLA27292', '2020-05-26', NULL),
(506, 37, 'GS', 'MLA412094', '2020-05-26', NULL),
(507, 37, 'IS', 'MLA412541', '2020-05-26', NULL),
(508, 37, 'LS', 'MLA412542', '2020-05-26', NULL),
(509, 37, 'LX', 'MLA412543', '2020-05-26', NULL),
(510, 37, 'NX', 'MLA431577', '2020-05-26', NULL),
(511, 37, 'SC', 'MLA412544', '2020-05-26', NULL),
(512, 37, 'Otros Modelos', 'MLA412095', '2020-05-26', NULL),
(513, 38, 'Foison', 'MLA389340', '2020-05-26', NULL),
(514, 38, 'Foison Box', 'MLA417331', '2020-05-26', NULL),
(515, 38, 'Foison Cargo', 'MLA417332', '2020-05-26', NULL),
(516, 38, 'Foison Truck', 'MLA417333', '2020-05-26', NULL),
(517, 38, 'Myway', 'MLA412545', '2020-05-26', NULL),
(518, 38, 'X50', 'MLA389339', '2020-05-26', NULL),
(519, 38, 'X60', 'MLA389338', '2020-05-26', NULL),
(520, 38, 'X70', 'MLA417334', '2020-05-26', NULL),
(521, 38, 'Otros Modelos', 'MLA389341', '2020-05-26', NULL),
(522, 39, '3200 GT', 'MLA412546', '2020-05-26', NULL),
(523, 39, 'Ghibli', 'MLA407441', '2020-05-26', NULL),
(524, 39, 'GranCabrio', 'MLA407444', '2020-05-26', NULL),
(525, 39, 'GranSport', 'MLA412547', '2020-05-26', NULL),
(526, 39, 'Granturismo', 'MLA407443', '2020-05-26', NULL),
(527, 39, 'Levante', 'MLA407445', '2020-05-26', NULL),
(528, 39, 'Quattroporte', 'MLA407442', '2020-05-26', NULL),
(529, 39, 'Spyder', 'MLA412548', '2020-05-26', NULL),
(530, 39, 'Otros Modelos', 'MLA407446', '2020-05-26', NULL),
(531, 40, '121', 'MLA29474', '2020-05-26', NULL),
(532, 40, '323', 'MLA29505', '2020-05-26', NULL),
(533, 40, '626', 'MLA29610', '2020-05-26', NULL),
(534, 40, '929', 'MLA66112', '2020-05-26', NULL),
(535, 40, 'B2500', 'MLA412549', '2020-05-26', NULL),
(536, 40, 'E1600', 'MLA100014', '2020-05-26', NULL),
(537, 40, 'E2200', 'MLA412550', '2020-05-26', NULL),
(538, 40, 'Miata', 'MLA51479', '2020-05-26', NULL),
(539, 40, 'Millenia', 'MLA50420', '2020-05-26', NULL),
(540, 40, 'MPV', 'MLA65291', '2020-05-26', NULL),
(541, 40, 'MX3', 'MLA29473', '2020-05-26', NULL),
(542, 40, 'MX5', 'MLA29608', '2020-05-26', NULL),
(543, 40, 'MX6', 'MLA36943', '2020-05-26', NULL),
(544, 40, 'Navajo', 'MLA76026', '2020-05-26', NULL),
(545, 40, 'Pick-Up', 'MLA65313', '2020-05-26', NULL),
(546, 40, 'RX7', 'MLA29504', '2020-05-26', NULL),
(547, 40, 'Serie B', 'MLA65475', '2020-05-26', NULL),
(548, 40, 'Tribute', 'MLA65292', '2020-05-26', NULL),
(549, 40, 'Otros Modelos', 'MLA29611', '2020-05-26', NULL),
(550, 41, '220', 'MLA87150', '2020-05-26', NULL),
(551, 41, '230', 'MLA119095', '2020-05-26', NULL),
(552, 41, '250', 'MLA87158', '2020-05-26', NULL),
(553, 41, '350', 'MLA87164', '2020-05-26', NULL),
(554, 41, 'Clase A', 'MLA24242', '2020-05-26', NULL),
(555, 41, 'Clase B', 'MLA32459', '2020-05-26', NULL),
(556, 41, 'Clase C', 'MLA24337', '2020-05-26', NULL),
(557, 41, 'Clase CL', 'MLA27282', '2020-05-26', NULL),
(558, 41, 'Clase CLA', 'MLA412552', '2020-05-26', NULL),
(559, 41, 'Clase CLC', 'MLA51501', '2020-05-26', NULL),
(560, 41, 'Clase CLK', 'MLA412551', '2020-05-26', NULL),
(561, 41, 'Clase CLS', 'MLA32331', '2020-05-26', NULL),
(562, 41, 'Clase E', 'MLA24301', '2020-05-26', NULL),
(563, 41, 'Clase GL', 'MLA412553', '2020-05-26', NULL),
(564, 41, 'Clase GLA', 'MLA407433', '2020-05-26', NULL),
(565, 41, 'Clase GLC', 'MLA407434', '2020-05-26', NULL),
(566, 41, 'Clase GLE', 'MLA412554', '2020-05-26', NULL),
(567, 41, 'Clase GLK', 'MLA119748', '2020-05-26', NULL),
(568, 41, 'Clase GLS', 'MLA412555', '2020-05-26', NULL),
(569, 41, 'Clase S', 'MLA24262', '2020-05-26', NULL),
(570, 41, 'Clase SL', 'MLA24302', '2020-05-26', NULL),
(571, 41, 'Clase SLK', 'MLA24246', '2020-05-26', NULL),
(572, 41, 'Clase SLR', 'MLA24339', '2020-05-26', NULL),
(573, 41, 'Clase SLS', 'MLA412556', '2020-05-26', NULL),
(574, 41, 'Clase V', 'MLA83417', '2020-05-26', NULL),
(575, 41, 'MB', 'MLA65294', '2020-05-26', NULL),
(576, 41, 'MB 180', 'MLA411497', '2020-05-26', NULL),
(577, 41, 'ML', 'MLA412557', '2020-05-26', NULL),
(578, 41, 'Sprinter', 'MLA29476', '2020-05-26', NULL),
(579, 41, 'Viano', 'MLA29566', '2020-05-26', NULL),
(580, 41, 'Vito', 'MLA65510', '2020-05-26', NULL),
(581, 41, 'Otros Modelos', 'MLA24195', '2020-05-26', NULL),
(582, 42, 'Cooper', 'MLA52125', '2020-05-26', NULL),
(583, 42, 'Cooper Clubman', 'MLA411494', '2020-05-26', NULL),
(584, 42, 'Cooper Countryman', 'MLA411516', '2020-05-26', NULL),
(585, 42, 'Cooper S', 'MLA52124', '2020-05-26', NULL),
(586, 42, 'Paceman', 'MLA412558', '2020-05-26', NULL),
(587, 42, 'Otros Modelos', 'MLA29423', '2020-05-26', NULL),
(588, 43, '3000 GT', 'MLA412559', '2020-05-26', NULL),
(589, 43, 'Colt', 'MLA24264', '2020-05-26', NULL),
(590, 43, 'Diamante', 'MLA38396', '2020-05-26', NULL),
(591, 43, 'Eclipse', 'MLA27410', '2020-05-26', NULL),
(592, 43, 'Expo Wagon', 'MLA412560', '2020-05-26', NULL),
(593, 43, 'Galant', 'MLA24254', '2020-05-26', NULL),
(594, 43, 'L100', 'MLA100018', '2020-05-26', NULL),
(595, 43, 'L200', 'MLA65448', '2020-05-26', NULL),
(596, 43, 'L300', 'MLA65449', '2020-05-26', NULL),
(597, 43, 'Lancer', 'MLA24247', '2020-05-26', NULL),
(598, 43, 'Mirage', 'MLA36999', '2020-05-26', NULL),
(599, 43, 'Montero', 'MLA65185', '2020-05-26', NULL),
(600, 43, 'Montero Io', 'MLA411505', '2020-05-26', NULL),
(601, 43, 'Nativa', 'MLA65170', '2020-05-26', NULL),
(602, 43, 'Outlander', 'MLA65171', '2020-05-26', NULL),
(603, 43, 'Proton', 'MLA51499', '2020-05-26', NULL),
(604, 43, 'Space Wagon', 'MLA65236', '2020-05-26', NULL),
(605, 43, 'Varica', 'MLA100023', '2020-05-26', NULL),
(606, 43, 'Otros Modelos', 'MLA24359', '2020-05-26', NULL),
(607, 44, '200 SX', 'MLA392283', '2020-05-26', NULL),
(608, 44, '240', 'MLA51548', '2020-05-26', NULL),
(609, 44, '300', 'MLA51497', '2020-05-26', NULL),
(610, 44, '350Z', 'MLA35443', '2020-05-26', NULL),
(611, 44, '370Z', 'MLA76250', '2020-05-26', NULL),
(612, 44, 'Ad Wagon', 'MLA51591', '2020-05-26', NULL),
(613, 44, 'Altima', 'MLA35421', '2020-05-26', NULL),
(614, 44, 'AX', 'MLA119060', '2020-05-26', NULL),
(615, 44, 'Bluebird', 'MLA29631', '2020-05-26', NULL),
(616, 44, 'D21', 'MLA65436', '2020-05-26', NULL),
(617, 44, 'D22', 'MLA65437', '2020-05-26', NULL),
(618, 44, 'Frontier', 'MLA65443', '2020-05-26', NULL),
(619, 44, 'Infiniti', 'MLA119059', '2020-05-26', NULL),
(620, 44, 'Kicks', 'MLA410855', '2020-05-26', NULL),
(621, 44, 'Leaf', 'MLA429590', '2020-05-26', NULL),
(622, 44, 'March', 'MLA38445', '2020-05-26', NULL),
(623, 44, 'Maxima', 'MLA24266', '2020-05-26', NULL),
(624, 44, 'Murano', 'MLA35437', '2020-05-26', NULL),
(625, 44, 'Navara', 'MLA92239', '2020-05-26', NULL),
(626, 44, 'Note', 'MLA372467', '2020-05-26', NULL),
(627, 44, 'NP300', 'MLA100019', '2020-05-26', NULL),
(628, 44, 'NX', 'MLA29527', '2020-05-26', NULL),
(629, 44, 'Pathfinder', 'MLA65175', '2020-05-26', NULL),
(630, 44, 'Patrol', 'MLA65176', '2020-05-26', NULL),
(631, 44, 'Pick-Up', 'MLA100016', '2020-05-26', NULL),
(632, 44, 'Primera', 'MLA29478', '2020-05-26', NULL),
(633, 44, 'Quest', 'MLA35433', '2020-05-26', NULL),
(634, 44, 'Sentra', 'MLA24267', '2020-05-26', NULL),
(635, 44, 'Serena', 'MLA38401', '2020-05-26', NULL),
(636, 44, 'Teana', 'MLA76253', '2020-05-26', NULL),
(637, 44, 'Terrano', 'MLA65177', '2020-05-26', NULL),
(638, 44, 'Terrano II', 'MLA411496', '2020-05-26', NULL),
(639, 44, 'Tiida', 'MLA41826', '2020-05-26', NULL),
(640, 44, 'Trade', 'MLA100020', '2020-05-26', NULL),
(641, 44, 'Versa', 'MLA119058', '2020-05-26', NULL),
(642, 44, 'X-Terra', 'MLA100021', '2020-05-26', NULL),
(643, 44, 'X-Trail', 'MLA65205', '2020-05-26', NULL),
(644, 44, 'Otros Modelos', 'MLA24196', '2020-05-26', NULL),
(645, 45, '106', 'MLA6626', '2020-05-26', NULL),
(646, 45, '2008', 'MLA392176', '2020-05-26', NULL),
(647, 45, '205', 'MLA6627', '2020-05-26', NULL),
(648, 45, '206', 'MLA6628', '2020-05-26', NULL),
(649, 45, '207', 'MLA51511', '2020-05-26', NULL),
(650, 45, '207 Compact', 'MLA72039', '2020-05-26', NULL),
(651, 45, '208', 'MLA119052', '2020-05-26', NULL),
(652, 45, '3008', 'MLA100024', '2020-05-26', NULL),
(653, 45, '301', 'MLA409414', '2020-05-26', NULL),
(654, 45, '306', 'MLA6629', '2020-05-26', NULL),
(655, 45, '307', 'MLA29581', '2020-05-26', NULL),
(656, 45, '308', 'MLA83428', '2020-05-26', NULL),
(657, 45, '4008', 'MLA352689', '2020-05-26', NULL),
(658, 45, '405', 'MLA6630', '2020-05-26', NULL),
(659, 45, '406', 'MLA29479', '2020-05-26', NULL),
(660, 45, '407', 'MLA29480', '2020-05-26', NULL),
(661, 45, '408', 'MLA95341', '2020-05-26', NULL),
(662, 45, '5008', 'MLA119049', '2020-05-26', NULL),
(663, 45, '504', 'MLA6631', '2020-05-26', NULL),
(664, 45, '508', 'MLA117195', '2020-05-26', NULL),
(665, 45, '605', 'MLA29612', '2020-05-26', NULL),
(666, 45, '607', 'MLA29555', '2020-05-26', NULL),
(667, 45, '806', 'MLA100027', '2020-05-26', NULL),
(668, 45, '807', 'MLA65180', '2020-05-26', NULL),
(669, 45, 'Boxer', 'MLA65181', '2020-05-26', NULL),
(670, 45, 'Expert', 'MLA100022', '2020-05-26', NULL),
(671, 45, 'Hoggar', 'MLA100031', '2020-05-26', NULL),
(672, 45, 'Partner', 'MLA65199', '2020-05-26', NULL),
(673, 45, 'Partner Patagónica', 'MLA411508', '2020-05-26', NULL),
(674, 45, 'Partner Urbana', 'MLA412491', '2020-05-26', NULL),
(675, 45, 'RCZ', 'MLA90999', '2020-05-26', NULL),
(676, 45, 'Traveller', 'MLA414204', '2020-05-26', NULL),
(677, 45, 'Otros Modelos', 'MLA6605', '2020-05-26', NULL),
(678, 46, '718 boxster', 'MLA412561', '2020-05-26', NULL),
(679, 46, '718 cayman', 'MLA412562', '2020-05-26', NULL),
(680, 46, '911', 'MLA51464', '2020-05-26', NULL),
(681, 46, '924', 'MLA29582', '2020-05-26', NULL),
(682, 46, '928', 'MLA51452', '2020-05-26', NULL),
(683, 46, '944', 'MLA36241', '2020-05-26', NULL),
(684, 46, '968', 'MLA51463', '2020-05-26', NULL),
(685, 46, 'Boxster', 'MLA29583', '2020-05-26', NULL),
(686, 46, 'Boxter S ii', 'MLA411521', '2020-05-26', NULL),
(687, 46, 'Carrera', 'MLA119061', '2020-05-26', NULL),
(688, 46, 'Cayenne', 'MLA36255', '2020-05-26', NULL),
(689, 46, 'Cayman', 'MLA51490', '2020-05-26', NULL),
(690, 46, 'Macan', 'MLA412563', '2020-05-26', NULL),
(691, 46, 'Panamera', 'MLA83427', '2020-05-26', NULL),
(692, 46, 'Otros Modelos', 'MLA29556', '2020-05-26', NULL),
(693, 47, 'Wira', 'MLA411745', '2020-05-26', NULL),
(694, 47, 'Otros Modelos', 'MLA411746', '2020-05-26', NULL),
(695, 48, 'Ram 1500', 'MLA412476', '2020-05-26', NULL),
(696, 48, 'Ram 2500', 'MLA412477', '2020-05-26', NULL),
(697, 48, 'Otros Modelos', 'MLA324321', '2020-05-26', NULL),
(698, 49, 'Captur', 'MLA406055', '2020-05-26', NULL),
(699, 49, 'Clio', 'MLA6606', '2020-05-26', NULL),
(700, 49, 'Duster', 'MLA100028', '2020-05-26', NULL),
(701, 49, 'Duster Oroch', 'MLA406050', '2020-05-26', NULL),
(702, 49, 'Espace', 'MLA411510', '2020-05-26', NULL),
(703, 49, 'Express', 'MLA62814', '2020-05-26', NULL),
(704, 49, 'Fluence', 'MLA75083', '2020-05-26', NULL),
(705, 49, 'Grand Scenic', 'MLA412514', '2020-05-26', NULL),
(706, 49, 'Kangoo', 'MLA412787', '2020-05-26', NULL),
(707, 49, 'Kangoo Break', 'MLA100032', '2020-05-26', NULL),
(708, 49, 'Kangoo Express', 'MLA100035', '2020-05-26', NULL),
(709, 49, 'Koleos', 'MLA71417', '2020-05-26', NULL),
(710, 49, 'Kwid', 'MLA412078', '2020-05-26', NULL),
(711, 49, 'Laguna', 'MLA6607', '2020-05-26', NULL),
(712, 49, 'Laguna Grand Tour', 'MLA72038', '2020-05-26', NULL),
(713, 49, 'Laguna II', 'MLA411498', '2020-05-26', NULL),
(714, 49, 'Laguna II Grand Tour', 'MLA411536', '2020-05-26', NULL),
(715, 49, 'Latitude', 'MLA96802', '2020-05-26', NULL),
(716, 49, 'Logan', 'MLA29652', '2020-05-26', NULL),
(717, 49, 'Master', 'MLA62737', '2020-05-26', NULL),
(718, 49, 'Mégane', 'MLA6602', '2020-05-26', NULL),
(719, 49, 'Mégane II', 'MLA51462', '2020-05-26', NULL),
(720, 49, 'Megane ii cc', 'MLA411523', '2020-05-26', NULL),
(721, 49, 'Mégane II Grand Tour', 'MLA72042', '2020-05-26', NULL),
(722, 49, 'Mégane III', 'MLA75081', '2020-05-26', NULL),
(723, 49, 'Mégane III. R.S', 'MLA117206', '2020-05-26', NULL),
(724, 49, 'Murano', 'MLA100030', '2020-05-26', NULL),
(725, 49, 'R 11', 'MLA412611', '2020-05-26', NULL),
(726, 49, 'R 19', 'MLA412612', '2020-05-26', NULL),
(727, 49, 'R 21', 'MLA6634', '2020-05-26', NULL),
(728, 49, 'R 21 Alize', 'MLA412614', '2020-05-26', NULL),
(729, 49, 'R 5', 'MLA34033', '2020-05-26', NULL),
(730, 49, 'R 9', 'MLA412613', '2020-05-26', NULL),
(731, 49, 'Safrane', 'MLA51586', '2020-05-26', NULL),
(732, 49, 'Sandero', 'MLA41088', '2020-05-26', NULL),
(733, 49, 'Sandero Stepway', 'MLA83419', '2020-05-26', NULL),
(734, 49, 'Scénic', 'MLA413531', '2020-05-26', NULL),
(735, 49, 'Scénic II', 'MLA51505', '2020-05-26', NULL),
(736, 49, 'Symbol', 'MLA34036', '2020-05-26', NULL),
(737, 49, 'Trafic', 'MLA62738', '2020-05-26', NULL),
(738, 49, 'Twingo', 'MLA6613', '2020-05-26', NULL),
(739, 49, 'Otros Modelos', 'MLA6614', '2020-05-26', NULL),
(740, 50, '218', 'MLA411522', '2020-05-26', NULL),
(741, 50, '25', 'MLA51484', '2020-05-26', NULL),
(742, 50, '45', 'MLA119109', '2020-05-26', NULL),
(743, 50, '75', 'MLA51472', '2020-05-26', NULL),
(744, 50, 'MGF', 'MLA411534', '2020-05-26', NULL),
(745, 50, 'Serie 100', 'MLA51687', '2020-05-26', NULL),
(746, 50, 'Serie 200', 'MLA51478', '2020-05-26', NULL),
(747, 50, 'Serie 400', 'MLA51471', '2020-05-26', NULL),
(748, 50, 'Serie 600', 'MLA51473', '2020-05-26', NULL),
(749, 50, 'Serie 800', 'MLA51477', '2020-05-26', NULL),
(750, 50, 'Otros Modelos', 'MLA29650', '2020-05-26', NULL),
(751, 51, '9-3', 'MLA411513', '2020-05-26', NULL),
(752, 51, '9-5', 'MLA412565', '2020-05-26', NULL),
(753, 51, '900', 'MLA411514', '2020-05-26', NULL),
(754, 51, '9000', 'MLA412566', '2020-05-26', NULL),
(755, 51, 'Otros Modelos', 'MLA411532', '2020-05-26', NULL),
(756, 52, 'Alhambra', 'MLA27362', '2020-05-26', NULL),
(757, 52, 'Altea', 'MLA27363', '2020-05-26', NULL),
(758, 52, 'Córdoba', 'MLA27287', '2020-05-26', NULL),
(759, 52, 'Ibiza', 'MLA27288', '2020-05-26', NULL),
(760, 52, 'Ibiza RC', 'MLA83414', '2020-05-26', NULL),
(761, 52, 'Inca', 'MLA100036', '2020-05-26', NULL),
(762, 52, 'Leon', 'MLA27364', '2020-05-26', NULL),
(763, 52, 'Marbella', 'MLA119063', '2020-05-26', NULL),
(764, 52, 'Terra', 'MLA411537', '2020-05-26', NULL),
(765, 52, 'Toledo', 'MLA27453', '2020-05-26', NULL),
(766, 52, 'Otros Modelos', 'MLA27467', '2020-05-26', NULL),
(767, 53, 'Sero Electric', 'MLA440813', '2020-05-26', NULL),
(768, 54, 'Otros Modelos', 'MLA413536', '2020-05-26', NULL),
(769, 54, 'T30', 'MLA413533', '2020-05-26', NULL),
(770, 54, 'T32', 'MLA413534', '2020-05-26', NULL),
(771, 54, 'X30', 'MLA413535', '2020-05-26', NULL),
(772, 55, 'City', 'MLA119749', '2020-05-26', NULL),
(773, 55, 'Forfour', 'MLA412567', '2020-05-26', NULL),
(774, 55, 'Fortwo', 'MLA106928', '2020-05-26', NULL),
(775, 55, 'Otros Modelos', 'MLA106930', '2020-05-26', NULL),
(776, 56, 'Actyon', 'MLA47727', '2020-05-26', NULL),
(777, 56, 'Istana', 'MLA62817', '2020-05-26', NULL),
(778, 56, 'Korando', 'MLA32430', '2020-05-26', NULL),
(779, 56, 'Kyron', 'MLA119062', '2020-05-26', NULL),
(780, 56, 'Musso', 'MLA32431', '2020-05-26', NULL),
(781, 56, 'Rexton', 'MLA32432', '2020-05-26', NULL),
(782, 56, 'Rexton RX', 'MLA411529', '2020-05-26', NULL),
(783, 56, 'Otros Modelos', 'MLA32433', '2020-05-26', NULL),
(784, 57, 'Forester', 'MLA36165', '2020-05-26', NULL),
(785, 57, 'Impreza', 'MLA29512', '2020-05-26', NULL),
(786, 57, 'Justy', 'MLA72032', '2020-05-26', NULL),
(787, 57, 'Legacy', 'MLA29493', '2020-05-26', NULL),
(788, 57, 'Legacy SW', 'MLA72033', '2020-05-26', NULL),
(789, 57, 'Outback', 'MLA29536', '2020-05-26', NULL),
(790, 57, 'SVX', 'MLA51469', '2020-05-26', NULL),
(791, 57, 'Tribeca', 'MLA65477', '2020-05-26', NULL),
(792, 57, 'WRX', 'MLA412568', '2020-05-26', NULL),
(793, 57, 'XV', 'MLA119094', '2020-05-26', NULL),
(794, 57, 'Otros Modelos', 'MLA29560', '2020-05-26', NULL),
(795, 58, 'Alto', 'MLA51558', '2020-05-26', NULL),
(796, 58, 'Baleno', 'MLA24364', '2020-05-26', NULL),
(797, 58, 'Fun', 'MLA29561', '2020-05-26', NULL),
(798, 58, 'Grand Vitara', 'MLA65215', '2020-05-26', NULL),
(799, 58, 'Jimny', 'MLA24304', '2020-05-26', NULL),
(800, 58, 'Maruti', 'MLA38391', '2020-05-26', NULL),
(801, 58, 'Nakai', 'MLA119750', '2020-05-26', NULL),
(802, 58, 'Samurai', 'MLA100037', '2020-05-26', NULL),
(803, 58, 'Sidekick', 'MLA62778', '2020-05-26', NULL),
(804, 58, 'Super', 'MLA411519', '2020-05-26', NULL),
(805, 58, 'Swift', 'MLA24365', '2020-05-26', NULL),
(806, 58, 'Vitara', 'MLA65183', '2020-05-26', NULL),
(807, 58, 'Wagon', 'MLA412569', '2020-05-26', NULL),
(808, 58, 'Otros Modelos', 'MLA24207', '2020-05-26', NULL),
(809, 59, 'Safari', 'MLA411528', '2020-05-26', NULL),
(810, 59, 'Sumo', 'MLA100044', '2020-05-26', NULL),
(811, 59, 'Telcoline', 'MLA100045', '2020-05-26', NULL),
(812, 59, 'Otros Modelos', 'MLA75099', '2020-05-26', NULL),
(813, 60, '4Runner', 'MLA76401', '2020-05-26', NULL),
(814, 60, '86', 'MLA117209', '2020-05-26', NULL),
(815, 60, 'Avalon', 'MLA51460', '2020-05-26', NULL),
(816, 60, 'Avensis', 'MLA29654', '2020-05-26', NULL),
(817, 60, 'Burbuja', 'MLA65385', '2020-05-26', NULL),
(818, 60, 'C-HR', 'MLA442292', '2020-05-26', NULL),
(819, 60, 'Camry', 'MLA24355', '2020-05-26', NULL),
(820, 60, 'Celica', 'MLA24213', '2020-05-26', NULL),
(821, 60, 'Coaster', 'MLA100034', '2020-05-26', NULL),
(822, 60, 'Corolla', 'MLA24271', '2020-05-26', NULL),
(823, 60, 'Corolla Fielder', 'MLA72034', '2020-05-26', NULL),
(824, 60, 'Corona', 'MLA24214', '2020-05-26', NULL),
(825, 60, 'Crown', 'MLA51543', '2020-05-26', NULL),
(826, 60, 'Etios', 'MLA121223', '2020-05-26', NULL),
(827, 60, 'Fielder', 'MLA36147', '2020-05-26', NULL),
(828, 60, 'Hiace', 'MLA100039', '2020-05-26', NULL),
(829, 60, 'Hilux', 'MLA62780', '2020-05-26', NULL),
(830, 60, 'Innova', 'MLA440927', '2020-05-26', NULL),
(831, 60, 'Land Cruiser', 'MLA65482', '2020-05-26', NULL),
(832, 60, 'Lexus', 'MLA29623', '2020-05-26', NULL),
(833, 60, 'MR2', 'MLA51542', '2020-05-26', NULL),
(834, 60, 'Paseo', 'MLA43516', '2020-05-26', NULL),
(835, 60, 'Prado', 'MLA35426', '2020-05-26', NULL),
(836, 60, 'Previa', 'MLA62729', '2020-05-26', NULL),
(837, 60, 'Prius', 'MLA83418', '2020-05-26', NULL),
(838, 60, 'RAV4', 'MLA412000', '2020-05-26', NULL),
(839, 60, 'Supra', 'MLA24222', '2020-05-26', NULL),
(840, 60, 'SW4', 'MLA412570', '2020-05-26', NULL),
(841, 60, 'Tacoma', 'MLA29567', '2020-05-26', NULL),
(842, 60, 'Tercel', 'MLA24369', '2020-05-26', NULL),
(843, 60, 'Tundra', 'MLA43524', '2020-05-26', NULL),
(844, 60, 'Van', 'MLA100040', '2020-05-26', NULL),
(845, 60, 'Yaris', 'MLA35427', '2020-05-26', NULL),
(846, 60, 'Otros Modelos', 'MLA24370', '2020-05-26', NULL),
(847, 61, 'Amarok', 'MLA92242', '2020-05-26', NULL),
(848, 61, 'Bora', 'MLA27433', '2020-05-26', NULL),
(849, 61, 'Caddy', 'MLA65456', '2020-05-26', NULL),
(850, 61, 'CC', 'MLA117196', '2020-05-26', NULL),
(851, 61, 'Crossfox', 'MLA84567', '2020-05-26', NULL),
(852, 61, 'Escarabajo', 'MLA24297', '2020-05-26', NULL),
(853, 61, 'Fox', 'MLA29614', '2020-05-26', NULL),
(854, 61, 'Furgon', 'MLA100041', '2020-05-26', NULL),
(855, 61, 'Gacel', 'MLA24216', '2020-05-26', NULL),
(856, 61, 'Gol', 'MLA24217', '2020-05-26', NULL),
(857, 61, 'Gol Country', 'MLA29568', '2020-05-26', NULL),
(858, 61, 'Gol Trend', 'MLA51456', '2020-05-26', NULL),
(859, 61, 'Golf', 'MLA24282', '2020-05-26', NULL),
(860, 61, 'Golf Variant', 'MLA72035', '2020-05-26', NULL),
(861, 61, 'Multivan', 'MLA65266', '2020-05-26', NULL),
(862, 61, 'New Beetle', 'MLA29584', '2020-05-26', NULL),
(863, 61, 'Parati', 'MLA3200', '2020-05-26', NULL),
(864, 61, 'Passat', 'MLA24219', '2020-05-26', NULL),
(865, 61, 'Passat Variant', 'MLA62520', '2020-05-26', NULL),
(866, 61, 'Phaeton', 'MLA51506', '2020-05-26', NULL),
(867, 61, 'Pointer', 'MLA6620', '2020-05-26', NULL),
(868, 61, 'Polo', 'MLA24278', '2020-05-26', NULL),
(869, 61, 'Polo Classic', 'MLA412521', '2020-05-26', NULL),
(870, 61, 'Quantum', 'MLA29635', '2020-05-26', NULL),
(871, 61, 'Rabbit', 'MLA51544', '2020-05-26', NULL),
(872, 61, 'Santana', 'MLA24305', '2020-05-26', NULL),
(873, 61, 'Saveiro', 'MLA3202', '2020-05-26', NULL),
(874, 61, 'Scirocco', 'MLA51491', '2020-05-26', NULL),
(875, 61, 'Senda', 'MLA6637', '2020-05-26', NULL),
(876, 61, 'Sharan', 'MLA27422', '2020-05-26', NULL),
(877, 61, 'Suran', 'MLA29636', '2020-05-26', NULL),
(878, 61, 'Suran Cross', 'MLA117197', '2020-05-26', NULL),
(879, 61, 'T-Cross', 'MLA433743', '2020-05-26', NULL),
(880, 61, 'The Beetle', 'MLA324311', '2020-05-26', NULL),
(881, 61, 'Tiguan', 'MLA75115', '2020-05-26', NULL),
(882, 61, 'Tiguan Allspace', 'MLA412522', '2020-05-26', NULL),
(883, 61, 'Touareg', 'MLA51461', '2020-05-26', NULL),
(884, 61, 'Transporter', 'MLA100042', '2020-05-26', NULL),
(885, 61, 'Up!', 'MLA324333', '2020-05-26', NULL),
(886, 61, 'Vento', 'MLA29483', '2020-05-26', NULL),
(887, 61, 'Vento Variant', 'MLA72036', '2020-05-26', NULL),
(888, 61, 'Virtus', 'MLA414203', '2020-05-26', NULL),
(889, 61, 'Voyage', 'MLA36137', '2020-05-26', NULL),
(890, 61, 'Otros Modelos', 'MLA24306', '2020-05-26', NULL),
(891, 62, 'Volt Motors', 'MLA440812', '2020-05-26', NULL),
(892, 63, '264', 'MLA411488', '2020-05-26', NULL),
(893, 63, '740', 'MLA411506', '2020-05-26', NULL),
(894, 63, '850', 'MLA32446', '2020-05-26', NULL),
(895, 63, '940', 'MLA119084', '2020-05-26', NULL),
(896, 63, '945', 'MLA411527', '2020-05-26', NULL),
(897, 63, '960', 'MLA119093', '2020-05-26', NULL),
(898, 63, 'C30', 'MLA51492', '2020-05-26', NULL),
(899, 63, 'C70', 'MLA51507', '2020-05-26', NULL),
(900, 63, 'S40', 'MLA27479', '2020-05-26', NULL),
(901, 63, 'S60', 'MLA27427', '2020-05-26', NULL),
(902, 63, 'S70', 'MLA119070', '2020-05-26', NULL),
(903, 63, 'S80', 'MLA27423', '2020-05-26', NULL),
(904, 63, 'S90', 'MLA412571', '2020-05-26', NULL),
(905, 63, 'V40', 'MLA36243', '2020-05-26', NULL),
(906, 63, 'V50', 'MLA100043', '2020-05-26', NULL),
(907, 63, 'V60', 'MLA412572', '2020-05-26', NULL),
(908, 63, 'V70', 'MLA36239', '2020-05-26', NULL),
(909, 63, 'V90', 'MLA412573', '2020-05-26', NULL),
(910, 63, 'XC40', 'MLA431578', '2020-05-26', NULL),
(911, 63, 'XC60', 'MLA75113', '2020-05-26', NULL),
(912, 63, 'XC70', 'MLA27462', '2020-05-26', NULL),
(913, 63, 'XC90', 'MLA27352', '2020-05-26', NULL),
(914, 63, 'Otros Modelos', 'MLA52748', '2020-05-26', NULL),
(915, 64, 'Force', 'MLA420714', '2020-05-26', NULL),
(916, 65, 'Otros Modelos', 'MLA27301', '2020-05-26', NULL);

-- --------------------------------------------------------

--
-- Estructura de tabla para la tabla `persona`
--

CREATE TABLE `persona` (
  `id` int(11) NOT NULL,
  `domicilio_id` int(11) DEFAULT NULL,
  `usuario_id` int(11) NOT NULL,
  `nombre` varchar(150) COLLATE utf8mb4_unicode_ci NOT NULL,
  `email` varchar(100) COLLATE utf8mb4_unicode_ci NOT NULL,
  `apellido` varchar(255) COLLATE utf8mb4_unicode_ci NOT NULL,
  `cod_area` varchar(255) COLLATE utf8mb4_unicode_ci NOT NULL,
  `telefono` varchar(255) COLLATE utf8mb4_unicode_ci NOT NULL,
  `created_at` datetime NOT NULL,
  `updated_at` datetime NOT NULL,
  `usuario_ultima_modificacion` varchar(255) COLLATE utf8mb4_unicode_ci NOT NULL,
  `fecha_baja` date DEFAULT NULL
) ENGINE=InnoDB DEFAULT CHARSET=utf8mb4 COLLATE=utf8mb4_unicode_ci;

-- --------------------------------------------------------

--
-- Estructura de tabla para la tabla `provincia`
--

CREATE TABLE `provincia` (
  `id` int(11) NOT NULL,
  `name` varchar(255) COLLATE utf8mb4_unicode_ci NOT NULL
) ENGINE=InnoDB DEFAULT CHARSET=utf8mb4 COLLATE=utf8mb4_unicode_ci;

--
-- Volcado de datos para la tabla `provincia`
--

INSERT INTO `provincia` (`id`, `name`) VALUES
(1, 'Buenos Aires'),
(2, 'Buenos Aires-GBA'),
(3, 'Capital Federal'),
(4, 'Catamarca'),
(5, 'Chaco'),
(6, 'Chubut'),
(7, 'Córdoba'),
(8, 'Corrientes'),
(9, 'Entre Ríos'),
(10, 'Formosa'),
(11, 'Jujuy'),
(12, 'La Pampa'),
(13, 'La Rioja'),
(14, 'Mendoza'),
(15, 'Misiones'),
(16, 'Neuquén'),
(17, 'Río Negro'),
(18, 'Salta'),
(19, 'San Juan'),
(20, 'San Luis'),
(21, 'Santa Cruz'),
(22, 'Santa Fe'),
(23, 'Santiago del Estero'),
(24, 'Tierra del Fuego'),
(25, 'Tucumán');

-- --------------------------------------------------------

--
-- Estructura de tabla para la tabla `recurso_cotizacion`
--

CREATE TABLE `recurso_cotizacion` (
  `id` int(11) NOT NULL,
  `cotizacion_id` int(11) NOT NULL,
  `nombre_logico` varchar(255) COLLATE utf8mb4_unicode_ci NOT NULL,
  `nombre_fisico` varchar(255) COLLATE utf8mb4_unicode_ci NOT NULL,
  `fecha_alta` date NOT NULL,
  `fecha_baja` date DEFAULT NULL,
  `peso_mega` double NOT NULL
) ENGINE=InnoDB DEFAULT CHARSET=utf8mb4 COLLATE=utf8mb4_unicode_ci;

-- --------------------------------------------------------

--
-- Estructura de tabla para la tabla `recurso_solicitud`
--

CREATE TABLE `recurso_solicitud` (
  `id` int(11) NOT NULL,
  `solicitud_id` int(11) NOT NULL,
  `nombre_logico` varchar(255) COLLATE utf8mb4_unicode_ci NOT NULL,
  `nombre_fisico` varchar(255) COLLATE utf8mb4_unicode_ci NOT NULL,
  `fecha_alta` date NOT NULL,
  `fecha_baja` date DEFAULT NULL,
  `peso_mega` double NOT NULL
) ENGINE=InnoDB DEFAULT CHARSET=utf8mb4 COLLATE=utf8mb4_unicode_ci;

-- --------------------------------------------------------

--
-- Estructura de tabla para la tabla `repuesto`
--

CREATE TABLE `repuesto` (
  `id` int(11) NOT NULL,
  `tipo_repuesto_id` int(11) NOT NULL,
  `name` varchar(255) COLLATE utf8mb4_unicode_ci NOT NULL,
  `fecha_alta` date NOT NULL,
  `fecha_baja` date DEFAULT NULL,
  `mla_id` varchar(255) COLLATE utf8mb4_unicode_ci NOT NULL
) ENGINE=InnoDB DEFAULT CHARSET=utf8mb4 COLLATE=utf8mb4_unicode_ci;

--
-- Volcado de datos para la tabla `repuesto`
--

INSERT INTO `repuesto` (`id`, `tipo_repuesto_id`, `name`, `fecha_alta`, `fecha_baja`, `mla_id`) VALUES
(1, 1, 'Aditivos', '2020-05-23', NULL, 'MLA432535'),
(2, 1, 'Lubricantes', '2020-05-23', NULL, 'MLA432536'),
(3, 1, 'Aditivos y Lubricantes - Otros', '2020-05-23', NULL, 'MLA377341'),
(4, 3, 'Almas de Paragolpes', '2020-05-23', NULL, 'MLA373361'),
(5, 3, 'Alojamientos de Ópticas', '2020-05-23', NULL, 'MLA373362'),
(6, 3, 'Bisagras', '2020-05-23', NULL, 'MLA373375'),
(7, 3, 'Capot', '2020-05-23', NULL, 'MLA85932'),
(8, 3, 'Espejos Retrovisores y Vidrios', '2020-05-23', NULL, 'MLA433594'),
(9, 3, 'Grampas', '2020-05-23', NULL, 'MLA431903'),
(10, 3, 'Guardabarros', '2020-05-23', NULL, 'MLA7248'),
(11, 3, 'Manijas', '2020-05-23', NULL, 'MLA430257'),
(12, 3, 'Molduras', '2020-05-23', NULL, 'MLA7254'),
(13, 3, 'Paragolpes', '2020-05-23', NULL, 'MLA433581'),
(14, 3, 'Parrillas', '2020-05-23', NULL, 'MLA7259'),
(15, 3, 'Pasaruedas', '2020-05-23', NULL, 'MLA373366'),
(16, 3, 'Pisos', '2020-05-23', NULL, 'MLA430575'),
(17, 3, 'Puertas y Paneles', '2020-05-23', NULL, 'MLA433605'),
(18, 3, 'Rejillas para Faros Auxiliares', '2020-05-23', NULL, 'MLA429316'),
(19, 3, 'Soportes de Paragolpe', '2020-05-23', NULL, 'MLA373372'),
(20, 3, 'Soportes de Rueda de Auxilio', '2020-05-23', NULL, 'MLA413368'),
(21, 3, 'Tanques de Combustible', '2020-05-23', NULL, 'MLA45654'),
(22, 3, 'Tapas de Baúles', '2020-05-23', NULL, 'MLA7250'),
(23, 3, 'Techos Corredizos y Motores', '2020-05-23', NULL, 'MLA433615'),
(24, 3, 'Zócalos', '2020-05-23', NULL, 'MLA85935'),
(25, 3, 'Carrocería - Otros', '2020-05-23', NULL, 'MLA377346'),
(26, 4, 'Cerraduras de Baúl', '2020-05-23', NULL, 'MLA373346'),
(27, 4, 'Cerraduras de Capot', '2020-05-23', NULL, 'MLA373348'),
(28, 4, 'Cerraduras de Portón', '2020-05-23', NULL, 'MLA373349'),
(29, 4, 'Cerraduras de Puerta', '2020-05-23', NULL, 'MLA373347'),
(30, 4, 'Cilindros de Ingnición', '2020-05-23', NULL, 'MLA373350'),
(31, 4, 'Contactores de Arranque', '2020-05-23', NULL, 'MLA376275'),
(32, 4, 'Llaves de Contacto', '2020-05-23', NULL, 'MLA376276'),
(33, 4, 'Llaves Telecomando', '2020-05-23', NULL, 'MLA373345'),
(34, 4, 'Cerraduras y Llaves - Otros', '2020-05-23', NULL, 'MLA377345'),
(35, 5, 'Aires Acondicionados', '2020-05-23', NULL, 'MLA3173'),
(36, 5, 'Calefacción', '2020-05-23', NULL, 'MLA373063'),
(37, 5, 'Comandos', '2020-05-23', NULL, 'MLA430736'),
(38, 5, 'Difusores de Aire', '2020-05-23', NULL, 'MLA433653'),
(39, 5, 'Perillas', '2020-05-23', NULL, 'MLA430735'),
(40, 5, 'Válvulas Electrónicas', '2020-05-23', NULL, 'MLA430151'),
(41, 5, 'Climatización - Otros', '2020-05-23', NULL, 'MLA377344'),
(42, 6, 'Airbags', '2020-05-23', NULL, 'MLA373358'),
(43, 6, 'Cinturones de Seguridad', '2020-05-23', NULL, 'MLA45733'),
(44, 6, 'Módulos de Airbags', '2020-05-23', NULL, 'MLA376311'),
(45, 6, 'Componentes de Seguridad - Otros', '2020-05-23', NULL, 'MLA377343'),
(46, 7, 'Alza Cristales', '2020-05-23', NULL, 'MLA85919'),
(47, 7, 'Lunetas', '2020-05-23', NULL, 'MLA60970'),
(48, 7, 'Parabrisas', '2020-05-23', NULL, 'MLA60953'),
(49, 7, 'Ventiletes', '2020-05-23', NULL, 'MLA60897'),
(50, 7, 'Vidrios Laterales', '2020-05-23', NULL, 'MLA60898'),
(51, 7, 'Cristales - Otros', '2020-05-23', NULL, 'MLA60920'),
(52, 8, 'Bulbos de Electroventiladores', '2020-05-23', NULL, 'MLA373354'),
(53, 8, 'Electroventiladores Completos', '2020-05-23', NULL, 'MLA373351'),
(54, 8, 'Encausadores', '2020-05-23', NULL, 'MLA373352'),
(55, 8, 'Motores Electroventiladores', '2020-05-23', NULL, 'MLA373353'),
(56, 8, 'Poleas Viscosas', '2020-05-23', NULL, 'MLA373355'),
(57, 8, 'Otros Componentes', '2020-05-23', NULL, 'MLA373356'),
(58, 9, 'Alternadores y Piezas', '2020-05-23', NULL, 'MLA412713'),
(59, 9, 'Bobinas de Encendido', '2020-05-23', NULL, 'MLA60957'),
(60, 9, 'Bujías', '2020-05-23', NULL, 'MLA60902'),
(61, 9, 'Burros de Arranque', '2020-05-23', NULL, 'MLA61009'),
(62, 9, 'Cables de Bujía', '2020-05-23', NULL, 'MLA85998'),
(63, 9, 'Cajas Precalentadoras', '2020-05-23', NULL, 'MLA373100'),
(64, 9, 'Distribuidores y Piezas', '2020-05-23', NULL, 'MLA60901'),
(65, 9, 'Módulos de Encendido', '2020-05-23', NULL, 'MLA374220'),
(66, 9, 'Válvulas Solenoides', '2020-05-23', NULL, 'MLA430959'),
(67, 9, 'Encendido - Otros', '2020-05-23', NULL, 'MLA60940'),
(68, 10, 'Catalizadores', '2020-05-23', NULL, 'MLA373377'),
(69, 10, 'Escapes Completos', '2020-05-23', NULL, 'MLA373379'),
(70, 10, 'Silenciadores', '2020-05-23', NULL, 'MLA60941'),
(71, 10, 'Escapes - Otros', '2020-05-23', NULL, 'MLA61007'),
(72, 11, 'Filtros de Aceite', '2020-05-23', NULL, 'MLA61223'),
(73, 11, 'Filtros de Aire', '2020-05-23', NULL, 'MLA61182'),
(74, 11, 'Filtros de Gasoil', '2020-05-23', NULL, 'MLA86009'),
(75, 11, 'Filtros de Habitáculo', '2020-05-23', NULL, 'MLA373262'),
(76, 11, 'Filtros de Nafta', '2020-05-23', NULL, 'MLA86006'),
(77, 11, 'Filtros Hidráulicos', '2020-05-23', NULL, 'MLA425080'),
(78, 11, 'Kits de Filtros', '2020-05-23', NULL, 'MLA377254'),
(79, 11, 'Portafiltros', '2020-05-23', NULL, 'MLA438921'),
(80, 11, 'Otros Filtros', '2020-05-23', NULL, 'MLA61183'),
(81, 2, 'Baterías', '2020-05-23', NULL, 'MLA2220'),
(82, 13, 'Faros Auxiliares', '2020-05-23', NULL, 'MLA433654'),
(83, 13, 'Faros de 3 stop', '2020-05-23', NULL, 'MLA376383'),
(84, 13, 'Faros de Giro', '2020-05-23', NULL, 'MLA22272'),
(85, 13, 'Faros de Patentes', '2020-05-23', NULL, 'MLA194836'),
(86, 13, 'Faros Traseros', '2020-05-23', NULL, 'MLA9466'),
(87, 13, 'Lámparas', '2020-05-23', NULL, 'MLA373143'),
(88, 13, 'Lentes', '2020-05-23', NULL, 'MLA440141'),
(89, 13, 'Ojos de Gato', '2020-05-23', NULL, 'MLA430401'),
(90, 13, 'Ópticas y Kits', '2020-05-23', NULL, 'MLA6531'),
(91, 13, 'Iluminación - Otros', '2020-05-23', NULL, 'MLA377342'),
(92, 14, 'Cableado', '2020-05-23', NULL, 'MLA416951'),
(93, 14, 'Módulos de Fusibles', '2020-05-23', NULL, 'MLA431456'),
(94, 14, 'Instalaciones Eléctricas - Otros', '2020-05-23', NULL, 'MLA433652'),
(95, 15, 'Ahorradores de Combustible', '2020-05-23', NULL, 'MLA430586'),
(96, 15, 'Caños de Inyectores', '2020-05-23', NULL, 'MLA373380'),
(97, 15, 'Cuerpos Mariposas', '2020-05-23', NULL, 'MLA61202'),
(98, 15, 'ECUs', '2020-05-23', NULL, 'MLA61200'),
(99, 15, 'Engranajes de Cuerpo Mariposa', '2020-05-23', NULL, 'MLA431763'),
(100, 15, 'Inyectores', '2020-05-23', NULL, 'MLA61201'),
(101, 15, 'Motores Paso a Paso', '2020-05-23', NULL, 'MLA86010'),
(102, 15, 'Rampas de Inyectores', '2020-05-23', NULL, 'MLA373387'),
(103, 15, 'Reguladores de Presión', '2020-05-23', NULL, 'MLA373388'),
(104, 15, 'Sensores de Inyección', '2020-05-23', NULL, 'MLA373381'),
(105, 15, 'Sondas Lambdas', '2020-05-23', NULL, 'MLA86019'),
(106, 15, 'Válvulas Canister', '2020-05-23', NULL, 'MLA431175'),
(107, 15, 'Válvulas EGR', '2020-05-23', NULL, 'MLA373389'),
(108, 15, 'Vapor de Nafta', '2020-05-23', NULL, 'MLA432471'),
(109, 15, 'Inyección - Otros', '2020-05-23', NULL, 'MLA61204'),
(110, 16, 'Bombas', '2020-05-23', NULL, 'MLA22273'),
(111, 16, 'Bulbos de Aceite', '2020-05-23', NULL, 'MLA373339'),
(112, 16, 'Cables de Comandos', '2020-05-23', NULL, 'MLA432544'),
(113, 16, 'Carburadores', '2020-05-23', NULL, 'MLA6980'),
(114, 16, 'Componentes de Motor', '2020-05-23', NULL, 'MLA373284'),
(115, 16, 'Correas de Accesorios', '2020-05-23', NULL, 'MLA373306'),
(116, 16, 'Distribución', '2020-05-23', NULL, 'MLA373292'),
(117, 16, 'Juntas Completas', '2020-05-23', NULL, 'MLA47122'),
(118, 16, 'Kits de Afinación', '2020-05-23', NULL, 'MLA179799'),
(119, 16, 'Mangueras de Admisión', '2020-05-23', NULL, 'MLA373336'),
(120, 16, 'Mangueras de Intercooler', '2020-05-23', NULL, 'MLA373342'),
(121, 16, 'Motores Completos', '2020-05-23', NULL, 'MLA373340'),
(122, 16, 'Múltilples de Escapes', '2020-05-23', NULL, 'MLA60958'),
(123, 16, 'Múltiples de Admisión', '2020-05-23', NULL, 'MLA373319'),
(124, 16, 'Poleas de Cigüeñal', '2020-05-23', NULL, 'MLA373337'),
(125, 16, 'Radiadores', '2020-05-23', NULL, 'MLA22262'),
(126, 16, 'Retenes de Motor', '2020-05-23', NULL, 'MLA373308'),
(127, 16, 'Sensores de Temperatura', '2020-05-23', NULL, 'MLA373341'),
(128, 16, 'Sensores IAT', '2020-05-23', NULL, 'MLA193938'),
(129, 16, 'Soportes de Motor', '2020-05-23', NULL, 'MLA373315'),
(130, 16, 'Tapas Cubre Motor', '2020-05-23', NULL, 'MLA431765'),
(131, 16, 'Tapas de Aceite', '2020-05-23', NULL, 'MLA373291'),
(132, 16, 'Turbos', '2020-05-23', NULL, 'MLA389050'),
(133, 16, 'Válvulas Solenoides', '2020-05-23', NULL, 'MLA277922'),
(134, 16, 'Varillas de Nivel de Aceite', '2020-05-23', NULL, 'MLA373338'),
(135, 16, 'Motor - Otros', '2020-05-23', NULL, 'MLA5324'),
(136, 17, 'Aislantes de Capot', '2020-05-23', NULL, 'MLA373360'),
(137, 17, 'Antenas', '2020-05-23', NULL, 'MLA373110'),
(138, 17, 'Bocinas', '2020-05-23', NULL, 'MLA2221'),
(139, 17, 'Brazos Limpialunetas', '2020-05-23', NULL, 'MLA432950'),
(140, 17, 'Brazos Limpiaparabrisas', '2020-05-23', NULL, 'MLA373111'),
(141, 17, 'Bulones de Rueda', '2020-05-23', NULL, 'MLA413425'),
(142, 17, 'Burletes', '2020-05-23', NULL, 'MLA45520'),
(143, 17, 'Depósito Lavaparabrisas', '2020-05-23', NULL, 'MLA373152'),
(144, 17, 'Escobillas', '2020-05-23', NULL, 'MLA5751'),
(145, 17, 'Insignias', '2020-05-23', NULL, 'MLA60634'),
(146, 17, 'Motores de Limpiaparabrisa', '2020-05-23', NULL, 'MLA412516'),
(147, 17, 'Resortes a Gas', '2020-05-23', NULL, 'MLA373376'),
(148, 17, 'Sensores TPMS', '2020-05-23', NULL, 'MLA431966'),
(149, 17, 'Tapas para Bulones', '2020-05-23', NULL, 'MLA421323'),
(150, 17, 'Válvulas de Ruedas', '2020-05-23', NULL, 'MLA430693'),
(151, 17, 'Repuestos de Exterior - Otros', '2020-05-23', NULL, 'MLA373109'),
(152, 18, 'Alfombras Cubre Tableros', '2020-05-23', NULL, 'MLA431857'),
(153, 18, 'Alfombras de Baúles', '2020-05-23', NULL, 'MLA431892'),
(154, 18, 'Apoyabrazos', '2020-05-23', NULL, 'MLA416966'),
(155, 18, 'Apoyacabezas', '2020-05-23', NULL, 'MLA373150'),
(156, 18, 'Bandejas Luneta', '2020-05-23', NULL, 'MLA373146'),
(157, 18, 'Botones de Volantes', '2020-05-23', NULL, 'MLA435058'),
(158, 18, 'Butacas', '2020-05-23', NULL, 'MLA4861'),
(159, 18, 'Cables', '2020-05-23', NULL, 'MLA433587'),
(160, 18, 'Ceniceros', '2020-05-23', NULL, 'MLA86844'),
(161, 18, 'Centros de Volantes', '2020-05-23', NULL, 'MLA373145'),
(162, 18, 'Consolas Centrales', '2020-05-23', NULL, 'MLA416967'),
(163, 18, 'Cubre Alfombras', '2020-05-23', NULL, 'MLA2219'),
(164, 18, 'Difusores de Aire', '2020-05-23', NULL, 'MLA373151'),
(165, 18, 'Displays Multifunción', '2020-05-23', NULL, 'MLA373149'),
(166, 18, 'Encendedores', '2020-05-23', NULL, 'MLA75214'),
(167, 18, 'Espejos Retrovisores Internos', '2020-05-23', NULL, 'MLA430528'),
(168, 18, 'Fuelles para Palanca de Cambio', '2020-05-23', NULL, 'MLA421319'),
(169, 18, 'Guanteras', '2020-05-23', NULL, 'MLA433601'),
(170, 18, 'Luces Interiores', '2020-05-23', NULL, 'MLA430914'),
(171, 18, 'Manijas de Capot', '2020-05-23', NULL, 'MLA433573'),
(172, 18, 'Manijas para Asientos', '2020-05-23', NULL, 'MLA433584'),
(173, 18, 'Palancas de Caja de Cambios', '2020-05-23', NULL, 'MLA373446'),
(174, 18, 'Palancas de Freno de Mano', '2020-05-23', NULL, 'MLA61197'),
(175, 18, 'Pedales', '2020-05-23', NULL, 'MLA430988'),
(176, 18, 'Pomos de Palancas de Cambio', '2020-05-23', NULL, 'MLA373147'),
(177, 18, 'Tableros', '2020-05-23', NULL, 'MLA45535'),
(178, 18, 'Tapas de Cajas de Fusibles', '2020-05-23', NULL, 'MLA432455'),
(179, 18, 'Tapizados de Puertas', '2020-05-23', NULL, 'MLA374266'),
(180, 18, 'Tapizados de Techo', '2020-05-23', NULL, 'MLA430463'),
(181, 18, 'Teclas y Comandos', '2020-05-23', NULL, 'MLA376664'),
(182, 18, 'Viseras Parasol', '2020-05-23', NULL, 'MLA412515'),
(183, 18, 'Volantes', '2020-05-23', NULL, 'MLA6987'),
(184, 18, 'Repuestos de Habitáculo - Otros', '2020-05-23', NULL, 'MLA377334'),
(185, 19, 'Acoples de Dirección', '2020-05-23', NULL, 'MLA417192'),
(186, 19, 'Amortiguadores', '2020-05-23', NULL, 'MLA45548'),
(187, 19, 'Barras y Piezas', '2020-05-23', NULL, 'MLA417207'),
(188, 19, 'Bieletas', '2020-05-23', NULL, 'MLA373428'),
(189, 19, 'Bolsas de Aire', '2020-05-23', NULL, 'MLA430582'),
(190, 19, 'Bombas Electrohidráulicas', '2020-05-23', NULL, 'MLA373434'),
(191, 19, 'Bombas Hidráulicas', '2020-05-23', NULL, 'MLA373433'),
(192, 19, 'Bujes', '2020-05-23', NULL, 'MLA373437'),
(193, 19, 'Bulbos de Dirección', '2020-05-23', NULL, 'MLA430737'),
(194, 19, 'Cajas de Dirección', '2020-05-23', NULL, 'MLA60602'),
(195, 19, 'Cazoletas', '2020-05-23', NULL, 'MLA373430'),
(196, 19, 'Columnas de Dirección', '2020-05-23', NULL, 'MLA373435'),
(197, 19, 'Crucetas de Dirección', '2020-05-23', NULL, 'MLA430255'),
(198, 19, 'Depositos Líquidos Hidráulicos', '2020-05-23', NULL, 'MLA373420'),
(199, 19, 'Espirales', '2020-05-23', NULL, 'MLA45549'),
(200, 19, 'Extremos de Dirección', '2020-05-23', NULL, 'MLA373427'),
(201, 19, 'Fuelles', '2020-05-23', NULL, 'MLA373424'),
(202, 19, 'Kits de Trenes Delanteros', '2020-05-23', NULL, 'MLA45514'),
(203, 19, 'Manchones de Dirección', '2020-05-23', NULL, 'MLA432885'),
(204, 19, 'Mangueras Dirección Hidráulica', '2020-05-23', NULL, 'MLA373422'),
(205, 19, 'Mazas de Ruedas', '2020-05-23', NULL, 'MLA373421'),
(206, 19, 'Montantes de Puntas de Ejes', '2020-05-23', NULL, 'MLA433719'),
(207, 19, 'Parrillas y Brazos', '2020-05-23', NULL, 'MLA388156'),
(208, 19, 'Precap', '2020-05-23', NULL, 'MLA373423'),
(209, 19, 'Puentes de Suspensión', '2020-05-23', NULL, 'MLA430553'),
(210, 19, 'Puntas de Ejes', '2020-05-23', NULL, 'MLA373425'),
(211, 19, 'Retenes de Rueda', '2020-05-23', NULL, 'MLA375065'),
(212, 19, 'Retenes de Semieje', '2020-05-23', NULL, 'MLA375066'),
(213, 19, 'Rótulas', '2020-05-23', NULL, 'MLA373426'),
(214, 19, 'Rulemanes de Ruedas', '2020-05-23', NULL, 'MLA373438'),
(215, 19, 'Semiejes y Homocinéticas', '2020-05-23', NULL, 'MLA375063'),
(216, 19, 'Topes de Amortiguador', '2020-05-23', NULL, 'MLA161235'),
(217, 19, 'Suspensión y Dirección - Otros', '2020-05-23', NULL, 'MLA45536'),
(218, 20, 'Cajas de Cambios', '2020-05-23', NULL, 'MLA7252'),
(219, 20, 'Cajas de Trasferencia', '2020-05-23', NULL, 'MLA373453'),
(220, 20, 'Cajas Reductoras', '2020-05-23', NULL, 'MLA373454'),
(221, 20, 'Cardanes', '2020-05-23', NULL, 'MLA373455'),
(222, 20, 'Crucetas de Transmisión', '2020-05-23', NULL, 'MLA413170'),
(223, 20, 'Diferenciales', '2020-05-23', NULL, 'MLA60899'),
(224, 20, 'Ejes de Transmisión', '2020-05-23', NULL, 'MLA373452'),
(225, 20, 'Embragues', '2020-05-23', NULL, 'MLA45509'),
(226, 20, 'Retenes de Transmisión', '2020-05-23', NULL, 'MLA413168'),
(227, 20, 'Rulemanes y Palieres', '2020-05-23', NULL, 'MLA432523'),
(228, 20, 'Selectoras y Cables', '2020-05-23', NULL, 'MLA432521'),
(229, 20, 'Tapas de Diferenciales', '2020-05-23', NULL, 'MLA413343'),
(230, 20, 'Transmisión - Otros', '2020-05-23', NULL, 'MLA377331'),
(231, 21, 'Otros', '2020-05-23', NULL, 'MLA85960');

-- --------------------------------------------------------

--
-- Estructura de tabla para la tabla `solicitud`
--

CREATE TABLE `solicitud` (
  `id` int(11) NOT NULL,
  `modelo_auto_id` int(11) DEFAULT NULL,
  `compra_id` int(11) DEFAULT NULL,
  `solicitante_id` int(11) NOT NULL,
  `repuesto_id` int(11) NOT NULL,
  `estado_id` int(11) NOT NULL,
  `observacion` longtext COLLATE utf8mb4_unicode_ci NOT NULL,
  `fecha_alta` date NOT NULL,
  `fecha_baja` date DEFAULT NULL
) ENGINE=InnoDB DEFAULT CHARSET=utf8mb4 COLLATE=utf8mb4_unicode_ci;

-- --------------------------------------------------------

--
-- Estructura de tabla para la tabla `tipo_constancia`
--

CREATE TABLE `tipo_constancia` (
  `id` int(11) NOT NULL,
  `nombre` varchar(255) COLLATE utf8mb4_unicode_ci NOT NULL
) ENGINE=InnoDB DEFAULT CHARSET=utf8mb4 COLLATE=utf8mb4_unicode_ci;

--
-- Volcado de datos para la tabla `tipo_constancia`
--

INSERT INTO `tipo_constancia` (`id`, `nombre`) VALUES
(1, 'DNI'),
(2, 'Inscripción AFIP');

-- --------------------------------------------------------

--
-- Estructura de tabla para la tabla `tipo_repuesto`
--

CREATE TABLE `tipo_repuesto` (
  `id` int(11) NOT NULL,
  `name` varchar(255) COLLATE utf8mb4_unicode_ci NOT NULL,
  `fecha_alta` date NOT NULL,
  `fecha_baja` date DEFAULT NULL,
  `mla_id` varchar(255) COLLATE utf8mb4_unicode_ci NOT NULL
) ENGINE=InnoDB DEFAULT CHARSET=utf8mb4 COLLATE=utf8mb4_unicode_ci;

--
-- Volcado de datos para la tabla `tipo_repuesto`
--

INSERT INTO `tipo_repuesto` (`id`, `name`, `fecha_alta`, `fecha_baja`, `mla_id`) VALUES
(1, 'Aditivos y Lubricantes', '2020-05-22', NULL, 'MLA86011'),
(2, 'Baterías', '2020-05-22', NULL, 'MLA2220'),
(3, 'Carrocería', '2020-05-22', NULL, 'MLA373359'),
(4, 'Cerraduras y Llaves', '2020-05-22', NULL, 'MLA373344'),
(5, 'Climatización', '2020-05-22', NULL, 'MLA373048'),
(6, 'Componentes de Seguridad', '2020-05-22', NULL, 'MLA373357'),
(7, 'Cristales', '2020-05-22', NULL, 'MLA3169'),
(8, 'Electroventiladores', '2020-05-22', NULL, 'MLA85927'),
(9, 'Encendido', '2020-05-22', NULL, 'MLA22260'),
(10, 'Escapes', '2020-05-22', NULL, 'MLA22292'),
(11, 'Filtros', '2020-05-22', NULL, 'MLA4859'),
(12, 'Frenos', '2020-05-22', NULL, 'MLA22291'),
(13, 'Iluminación', '2020-05-22', NULL, 'MLA373142'),
(14, 'Instalaciones Eléctricas', '2020-05-22', NULL, 'MLA86841'),
(15, 'Inyección', '2020-05-22', NULL, 'MLA22245'),
(16, 'Motor', '2020-05-22', NULL, 'MLA3172'),
(17, 'Repuestos de Exterior', '2020-05-22', NULL, 'MLA373108'),
(18, 'Repuestos de Habitáculo', '2020-05-22', NULL, 'MLA373144'),
(19, 'Suspensión y Dirección', '2020-05-22', NULL, 'MLA22222'),
(20, 'Transmisión', '2020-05-22', NULL, 'MLA373442'),
(21, 'Otros', '2020-05-22', NULL, 'MLA85960');

-- --------------------------------------------------------

--
-- Estructura de tabla para la tabla `usuario`
--

CREATE TABLE `usuario` (
  `id` int(11) NOT NULL,
  `username` varchar(100) COLLATE utf8mb4_unicode_ci NOT NULL,
  `password` varchar(255) COLLATE utf8mb4_unicode_ci NOT NULL,
  `roles` longtext COLLATE utf8mb4_unicode_ci NOT NULL COMMENT '(DC2Type:json_array)',
  `created_at` datetime NOT NULL,
  `updated_at` datetime NOT NULL,
  `usuario_ultima_modificacion` varchar(255) COLLATE utf8mb4_unicode_ci NOT NULL,
  `social_provider` varchar(255) COLLATE utf8mb4_unicode_ci DEFAULT NULL,
  `social_id` varchar(255) COLLATE utf8mb4_unicode_ci DEFAULT NULL,
  `social_token` varchar(255) COLLATE utf8mb4_unicode_ci DEFAULT NULL,
  `fecha_baja` date DEFAULT NULL,
  `confirmado` tinyint(1) NOT NULL DEFAULT 0,
  `token_correo_confirmacion` varchar(255) COLLATE utf8mb4_unicode_ci DEFAULT NULL,
  `token_provisorio_mp` varchar(255) COLLATE utf8mb4_unicode_ci DEFAULT NULL
) ENGINE=InnoDB DEFAULT CHARSET=utf8mb4 COLLATE=utf8mb4_unicode_ci;

--
-- Índices para tablas volcadas
--

--
-- Indices de la tabla `compra`
--
ALTER TABLE `compra`
  ADD PRIMARY KEY (`id`);

--
-- Indices de la tabla `constancia_persona`
--
ALTER TABLE `constancia_persona`
  ADD PRIMARY KEY (`id`),
  ADD KEY `tipo_id` (`tipo_id`),
  ADD KEY `persona_id` (`persona_id`);

--
-- Indices de la tabla `cotizacion`
--
ALTER TABLE `cotizacion`
  ADD PRIMARY KEY (`id`),
  ADD KEY `estado_id` (`estado_id`),
  ADD KEY `oferente_id` (`oferente_id`),
  ADD KEY `solicitud_id` (`solicitud_id`);

--
-- Indices de la tabla `credencial_ml`
--
ALTER TABLE `credencial_ml`
  ADD PRIMARY KEY (`id`),
  ADD KEY `IDX_ED9648D3DB38439E` (`usuario_id`);

--
-- Indices de la tabla `domicilio`
--
ALTER TABLE `domicilio`
  ADD PRIMARY KEY (`id`),
  ADD KEY `localidad_id` (`localidad_id`);

--
-- Indices de la tabla `estado_cotizacion`
--
ALTER TABLE `estado_cotizacion`
  ADD PRIMARY KEY (`id`);

--
-- Indices de la tabla `estado_solicitud`
--
ALTER TABLE `estado_solicitud`
  ADD PRIMARY KEY (`id`);

--
-- Indices de la tabla `localidad`
--
ALTER TABLE `localidad`
  ADD PRIMARY KEY (`id`),
  ADD KEY `provincia_id` (`provincia_id`);

--
-- Indices de la tabla `marca_auto`
--
ALTER TABLE `marca_auto`
  ADD PRIMARY KEY (`id`);

--
-- Indices de la tabla `modelo_auto`
--
ALTER TABLE `modelo_auto`
  ADD PRIMARY KEY (`id`),
  ADD KEY `marca_auto_id` (`marca_auto_id`);

--
-- Indices de la tabla `persona`
--
ALTER TABLE `persona`
  ADD PRIMARY KEY (`id`),
  ADD UNIQUE KEY `UNIQ_51E5B69BE7927C74` (`email`),
  ADD UNIQUE KEY `UNIQ_51E5B69BDB38439E` (`usuario_id`),
  ADD KEY `domicilio_id` (`domicilio_id`);

--
-- Indices de la tabla `provincia`
--
ALTER TABLE `provincia`
  ADD PRIMARY KEY (`id`);

--
-- Indices de la tabla `recurso_cotizacion`
--
ALTER TABLE `recurso_cotizacion`
  ADD PRIMARY KEY (`id`),
  ADD KEY `cotizacion_id` (`cotizacion_id`);

--
-- Indices de la tabla `recurso_solicitud`
--
ALTER TABLE `recurso_solicitud`
  ADD PRIMARY KEY (`id`),
  ADD KEY `solicitud_id` (`solicitud_id`);

--
-- Indices de la tabla `repuesto`
--
ALTER TABLE `repuesto`
  ADD PRIMARY KEY (`id`),
  ADD KEY `tipo_repuesto_id` (`tipo_repuesto_id`);

--
-- Indices de la tabla `solicitud`
--
ALTER TABLE `solicitud`
  ADD PRIMARY KEY (`id`),
  ADD UNIQUE KEY `UNIQ_96D27CC0F2E704D7` (`compra_id`),
  ADD KEY `modelo_auto_id` (`modelo_auto_id`),
  ADD KEY `solicitante_id` (`solicitante_id`),
  ADD KEY `repuesto_id` (`repuesto_id`),
  ADD KEY `estado_id` (`estado_id`),
  ADD KEY `compra_id` (`compra_id`);

--
-- Indices de la tabla `tipo_constancia`
--
ALTER TABLE `tipo_constancia`
  ADD PRIMARY KEY (`id`);

--
-- Indices de la tabla `tipo_repuesto`
--
ALTER TABLE `tipo_repuesto`
  ADD PRIMARY KEY (`id`);

--
-- Indices de la tabla `usuario`
--
ALTER TABLE `usuario`
  ADD PRIMARY KEY (`id`),
  ADD UNIQUE KEY `UNIQ_2265B05DF85E0677` (`username`);

--
-- AUTO_INCREMENT de las tablas volcadas
--

--
-- AUTO_INCREMENT de la tabla `compra`
--
ALTER TABLE `compra`
  MODIFY `id` int(11) NOT NULL AUTO_INCREMENT;

--
-- AUTO_INCREMENT de la tabla `constancia_persona`
--
ALTER TABLE `constancia_persona`
  MODIFY `id` int(11) NOT NULL AUTO_INCREMENT;

--
-- AUTO_INCREMENT de la tabla `cotizacion`
--
ALTER TABLE `cotizacion`
  MODIFY `id` int(11) NOT NULL AUTO_INCREMENT;

--
-- AUTO_INCREMENT de la tabla `credencial_ml`
--
ALTER TABLE `credencial_ml`
  MODIFY `id` int(11) NOT NULL AUTO_INCREMENT;

--
-- AUTO_INCREMENT de la tabla `domicilio`
--
ALTER TABLE `domicilio`
  MODIFY `id` int(11) NOT NULL AUTO_INCREMENT;

--
-- AUTO_INCREMENT de la tabla `estado_cotizacion`
--
ALTER TABLE `estado_cotizacion`
  MODIFY `id` int(11) NOT NULL AUTO_INCREMENT;

--
-- AUTO_INCREMENT de la tabla `estado_solicitud`
--
ALTER TABLE `estado_solicitud`
  MODIFY `id` int(11) NOT NULL AUTO_INCREMENT;

--
-- AUTO_INCREMENT de la tabla `localidad`
--
ALTER TABLE `localidad`
  MODIFY `id` int(11) NOT NULL AUTO_INCREMENT, AUTO_INCREMENT=2383;

--
-- AUTO_INCREMENT de la tabla `marca_auto`
--
ALTER TABLE `marca_auto`
  MODIFY `id` int(11) NOT NULL AUTO_INCREMENT, AUTO_INCREMENT=66;

--
-- AUTO_INCREMENT de la tabla `modelo_auto`
--
ALTER TABLE `modelo_auto`
  MODIFY `id` int(11) NOT NULL AUTO_INCREMENT, AUTO_INCREMENT=917;

--
-- AUTO_INCREMENT de la tabla `persona`
--
ALTER TABLE `persona`
  MODIFY `id` int(11) NOT NULL AUTO_INCREMENT;

--
-- AUTO_INCREMENT de la tabla `provincia`
--
ALTER TABLE `provincia`
  MODIFY `id` int(11) NOT NULL AUTO_INCREMENT, AUTO_INCREMENT=26;

--
-- AUTO_INCREMENT de la tabla `recurso_cotizacion`
--
ALTER TABLE `recurso_cotizacion`
  MODIFY `id` int(11) NOT NULL AUTO_INCREMENT;

--
-- AUTO_INCREMENT de la tabla `recurso_solicitud`
--
ALTER TABLE `recurso_solicitud`
  MODIFY `id` int(11) NOT NULL AUTO_INCREMENT;

--
-- AUTO_INCREMENT de la tabla `repuesto`
--
ALTER TABLE `repuesto`
  MODIFY `id` int(11) NOT NULL AUTO_INCREMENT, AUTO_INCREMENT=232;

--
-- AUTO_INCREMENT de la tabla `solicitud`
--
ALTER TABLE `solicitud`
  MODIFY `id` int(11) NOT NULL AUTO_INCREMENT;

--
-- AUTO_INCREMENT de la tabla `tipo_constancia`
--
ALTER TABLE `tipo_constancia`
  MODIFY `id` int(11) NOT NULL AUTO_INCREMENT, AUTO_INCREMENT=3;

--
-- AUTO_INCREMENT de la tabla `tipo_repuesto`
--
ALTER TABLE `tipo_repuesto`
  MODIFY `id` int(11) NOT NULL AUTO_INCREMENT, AUTO_INCREMENT=22;

--
-- AUTO_INCREMENT de la tabla `usuario`
--
ALTER TABLE `usuario`
  MODIFY `id` int(11) NOT NULL AUTO_INCREMENT;

--
-- Restricciones para tablas volcadas
--

--
-- Filtros para la tabla `constancia_persona`
--
ALTER TABLE `constancia_persona`
  ADD CONSTRAINT `FK_DF453725A9276E6C` FOREIGN KEY (`tipo_id`) REFERENCES `tipo_constancia` (`id`),
  ADD CONSTRAINT `FK_DF453725F5F88DB9` FOREIGN KEY (`persona_id`) REFERENCES `persona` (`id`);

--
-- Filtros para la tabla `cotizacion`
--
ALTER TABLE `cotizacion`
  ADD CONSTRAINT `FK_44A5EC031CB9D6E4` FOREIGN KEY (`solicitud_id`) REFERENCES `solicitud` (`id`),
  ADD CONSTRAINT `FK_44A5EC039F5A440B` FOREIGN KEY (`estado_id`) REFERENCES `estado_cotizacion` (`id`),
  ADD CONSTRAINT `FK_44A5EC03FE09A557` FOREIGN KEY (`oferente_id`) REFERENCES `usuario` (`id`);

--
-- Filtros para la tabla `credencial_ml`
--
ALTER TABLE `credencial_ml`
  ADD CONSTRAINT `FK_ED9648D3DB38439E` FOREIGN KEY (`usuario_id`) REFERENCES `usuario` (`id`);

--
-- Filtros para la tabla `domicilio`
--
ALTER TABLE `domicilio`
  ADD CONSTRAINT `FK_9B942ED167707C89` FOREIGN KEY (`localidad_id`) REFERENCES `localidad` (`id`);

--
-- Filtros para la tabla `localidad`
--
ALTER TABLE `localidad`
  ADD CONSTRAINT `FK_4F68E0104E7121AF` FOREIGN KEY (`provincia_id`) REFERENCES `provincia` (`id`);

--
-- Filtros para la tabla `modelo_auto`
--
ALTER TABLE `modelo_auto`
  ADD CONSTRAINT `FK_1A672BB2EE59A52` FOREIGN KEY (`marca_auto_id`) REFERENCES `marca_auto` (`id`);

--
-- Filtros para la tabla `persona`
--
ALTER TABLE `persona`
  ADD CONSTRAINT `FK_51E5B69B166FC4DD` FOREIGN KEY (`domicilio_id`) REFERENCES `domicilio` (`id`),
  ADD CONSTRAINT `FK_51E5B69BDB38439E` FOREIGN KEY (`usuario_id`) REFERENCES `usuario` (`id`);

--
-- Filtros para la tabla `recurso_cotizacion`
--
ALTER TABLE `recurso_cotizacion`
  ADD CONSTRAINT `FK_132EEF1A307090AA` FOREIGN KEY (`cotizacion_id`) REFERENCES `cotizacion` (`id`);

--
-- Filtros para la tabla `recurso_solicitud`
--
ALTER TABLE `recurso_solicitud`
  ADD CONSTRAINT `FK_756440B41CB9D6E4` FOREIGN KEY (`solicitud_id`) REFERENCES `solicitud` (`id`);

--
-- Filtros para la tabla `repuesto`
--
ALTER TABLE `repuesto`
  ADD CONSTRAINT `FK_A4D859BB791F4666` FOREIGN KEY (`tipo_repuesto_id`) REFERENCES `tipo_repuesto` (`id`);

--
-- Filtros para la tabla `solicitud`
--
ALTER TABLE `solicitud`
  ADD CONSTRAINT `FK_96D27CC04C3B689E` FOREIGN KEY (`repuesto_id`) REFERENCES `repuesto` (`id`),
  ADD CONSTRAINT `FK_96D27CC08DF6C969` FOREIGN KEY (`modelo_auto_id`) REFERENCES `modelo_auto` (`id`),
  ADD CONSTRAINT `FK_96D27CC09F5A440B` FOREIGN KEY (`estado_id`) REFERENCES `estado_solicitud` (`id`),
  ADD CONSTRAINT `FK_96D27CC0C680A87` FOREIGN KEY (`solicitante_id`) REFERENCES `usuario` (`id`),
  ADD CONSTRAINT `FK_96D27CC0F2E704D7` FOREIGN KEY (`compra_id`) REFERENCES `compra` (`id`);
COMMIT;

/*!40101 SET CHARACTER_SET_CLIENT=@OLD_CHARACTER_SET_CLIENT */;
/*!40101 SET CHARACTER_SET_RESULTS=@OLD_CHARACTER_SET_RESULTS */;
/*!40101 SET COLLATION_CONNECTION=@OLD_COLLATION_CONNECTION */;
